AACBR,Artius II Acquisition Inc. - Rights
AACBU,Artius II Acquisition Inc. - Units
AACG,"ATA Creativity Global - American Depositary Shares, each representing two common shares"
AACI,Armada Acquisition Corp. III - Class A Ordinary Share
AACIU,Armada Acquisition Corp. III - Units
AACIW,Armada Acquisition Corp. III - Warrant
AACO,Abony Acquisition Corp. I - Class A Ordinary Share
AACOU,Abony Acquisition Corp. I - Units
AACOW,Abony Acquisition Corp. I - Warrants
AACP,Apogee Acquisition Corp - Class A Ordinary Shares
AACPR,Apogee Acquisition Corp - Rights
AACPU,Apogee Acquisition Corp - Units
AACPW,Apogee Acquisition Corp - Warrant
AAL,"American Airlines Group, Inc. - Common Stock"
AAOI,"Applied Optoelectronics, Inc. - Common Stock"
AAON,"AAON, Inc. - Common Stock"
AAPG,Ascentage Pharma Group International - American Depository Shares
AAPL,Apple Inc. - Common Stock
AARD,"Aardvark Therapeutics, Inc. - Common Stock"
ABAT,American Battery Technology Company - Common Stock
ABCL,AbCellera Biologics Inc. - Common Shares
ABEO,Abeona Therapeutics Inc. - Common Stock
ABLVW,Able View Global Inc. - Warrant
ABNB,"Airbnb, Inc. - Class A Common Stock"
ABOS,"Acumen Pharmaceuticals, Inc. - Common Stock"
ABSI,Absci Corporation - Common Stock
ABTC,American Bitcoin Corp. - Class A Common Stock
ABTS,Abits Group Inc - Ordinary Shares
ABUS,Arbutus Biopharma Corporation - Common Stock
ABVC,"ABVC BioPharma, Inc. - Common Stock"
ABVX,Abivax SA - American Depositary Shares
ACAA,Averin Capital Acquisition Corp. - Class A Ordinary Shares
ACAAU,Averin Capital Acquisition Corp. - Units
ACAAW,Averin Capital Acquisition Corp. - Warrants
ACAD,ACADIA Pharmaceuticals Inc. - Common Stock
ACB,Aurora Cannabis Inc. - Common Shares
ACCL,Acco Group Holdings Limited - Class A Ordinary Shares
ACDC,ProFrac Holding Corp. - Class A Common Stock
ACET,"Adicet Bio, Inc. - Common Stock"
ACFN,"Acorn Energy, Inc. - Common Stock"
ACGC,ACP Holdings Acquisition Corp. - Class A Ordinary Shares
ACGCU,ACP Holdings Acquisition Corp. - Units
ACGCW,ACP Holdings Acquisition Corp. - Warrants
ACGL,Arch Capital Group Ltd. - Common Stock
ACGLN,"Arch Capital Group Ltd. - Depositary Shares, each Representing a 1/1,000th Interest in a 4.550% Non-Cumulative Preferred Share, Series G"
ACGLO,"Arch Capital Group Ltd. - Depositary Shares Each Representing 1/1,000th Interest in a Share of5.45% Non-Cumulative Preferred Shares, Series F"
ACHC,"Acadia Healthcare Company, Inc. - Common Stock"
ACHV,"Achieve Life Sciences, Inc.  - Common Shares"
ACIC,American Coastal Insurance Corporation - Common Stock
ACIU,AC Immune SA - Common Stock
ACIW,"ACI Worldwide, Inc. - Common Stock"
ACLS,"Axcelis Technologies, Inc. - Common Stock"
ACMR,"ACM Research, Inc. - Class A Common Stock"
ACNB,ACNB Corporation - Common Stock
ACNT,Ascent Industries Co. - Common Stock
ACOG,Alpha Cognition Inc. - Common Stock
ACON,"Aclarion, Inc. - Common Stock"
ACONW,"Aclarion, Inc. - Warrant"
ACRS,"Aclaris Therapeutics, Inc. - Common Stock"
ACRV,"Acrivon Therapeutics, Inc. - Common Stock"
ACT,"Enact Holdings, Inc. - Common Stock"
ACTG,Acacia Research Corporation - Common Stock
ACTU,"Actuate Therapeutics, Inc. - Common stock"
ACXP,"Acurx Pharmaceuticals, Inc. - Common Stock"
ADAC,American Drive Acquisition Company - Class A Ordinary Shares
ADACU,American Drive Acquisition Company - Units
ADACW,American Drive Acquisition Company - Warrant
ADAG,"Adagene Inc. - ADS, each representing 1.25 ordinary shares"
ADAM,"Adamas Trust, Inc. - Common Stock"
ADAMG,"Adamas Trust, Inc. - 9.125% Senior Notes Due 2030"
ADAMH,"Adamas Trust, Inc. - 9.875% Senior Notes Due 2030"
ADAMI,"Adamas Trust, Inc. - 9.125% Senior Notes Due 2029"
ADAML,"Adamas Trust, Inc. - 6.875% Series F Fixed-to-Floating Rate Cumulative Redeemable Preferred Stock, $0.01 par value per share"
ADAMM,"Adamas Trust, Inc. - 7.875% Series E Fixed-to-Floating Rate Cumulative Redeemable Preferred Stock"
ADAMN,"Adamas Trust, Inc. - 8.00% Series D Fixed-to-Floating Rate Cumulative Redeemable Preferred Stock"
ADAMO,"Adamas Trust, Inc. - 9.250% Senior Notes Due 2031"
ADAMZ,"Adamas Trust, Inc. - 7.000% Series G Cumulative Redeemable Preferred Stock, $0.01 par value per share"
ADBE,Adobe Inc. - Common Stock
ADEA,Adeia Inc.  - Common Stock
ADI,"Analog Devices, Inc. - Common Stock"
ADIL,"Adial Pharmaceuticals, Inc - Common Stock"
ADMA,ADMA Biologics Inc - Common Stock
ADP,"Automatic Data Processing, Inc. - Common Stock"
ADPT,Adaptive Biotechnologies Corporation - Common Stock
ADSE,ADS-TEC ENERGY PLC - Ordinary Shares
ADSEW,ADS-TEC ENERGY PLC - Warrant
ADSK,"Autodesk, Inc. - Common Stock"
ADTN,"ADTRAN Holdings, Inc. - Common Stock"
ADUR,Aduro Clean Technologies Inc. - Common Stock
ADUS,Addus HomeCare Corporation - Common Stock
ADV,Advantage Solutions Inc.  - Class A Common Stock
ADVB,Advanced Biomed Inc. - Common Stock
ADXN,Addex Therapeutics Ltd - American Depositary Shares
AEAQ,Activate Energy Acquisition Corp. - Class A Ordinary Share
AEAQU,Activate Energy Acquisition Corp. - Unit
AEAQW,Activate Energy Acquisition Corp. - Warrant
AEBI,Aebi Schmidt Holding AG - Common Stock
AEC,Anfield Energy Inc. - Common Shares
AEHL,Antelope Enterprise Holdings Limited - Class A Ordinary Shares
AEHR,Aehr Test Systems - Common Stock
AEI,Alset Inc. - Common Stock
AEIS,"Advanced Energy Industries, Inc. - Common Stock"
AEMD,"Aethlon Medical, Inc. - Common Stock"
AENT,Alliance Entertainment Holding Corporation - common stock
AENTW,Alliance Entertainment Holding Corporation - Warrants
AEP,"American Electric Power Company, Inc. - Common Stock"
AERTW,"Aeries Technology, Inc. - Warrant"
AESP,Aeon Acquisition I Corp. - Class A Ordinary Shares
AESPR,Aeon Acquisition I Corp. - Rights
AESPU,Aeon Acquisition I Corp. - Units
AESPW,Aeon Acquisition I Corp. - Warrants
AEVA,"Aeva Technologies, Inc. - Common Stock"
AEYE,"AudioEye, Inc. - Common Stock"
AFBI,"Affinity Bancshares, Inc. - Common Stock"
AFCG,Advanced Flower Capital Inc. - Common Stock
AFJK,"Aimei Health Technology Co., Ltd - Ordinary Share"
AFJKR,"Aimei Health Technology Co., Ltd - Right"
AFJKU,"Aimei Health Technology Co., Ltd - Unit"
AFRI,Forafric Global PLC - Ordinary Shares
AFRIW,Forafric Global PLC - Warrants
AFRM,"Affirm Holdings, Inc. - Class A Common Stock"
AFYA,Afya Limited - Class A Common Shares
AGCC,Agencia Comercial Spirits Ltd - Class A Ordinary Share
AGEN,Agenus Inc. - Common Stock
AGIO,"Agios Pharmaceuticals, Inc. - Common Stock"
AGMB,AgomAb Therapeutics NV - ADRs representing one common share.
AGNC,AGNC Investment Corp. - Common Stock
AGNCL,"AGNC Investment Corp. - Depositary Shares Each Representing a 1/1,000th Interest in a Share of 7.75% Series G Fixed-Rate Reset Cumulative Redeemable Preferred Stock"
AGNCM,AGNC Investment Corp. - Depositary Shares rep 6.875% Series D Fixed-to-Floating Cumulative Redeemable Preferred Stock
AGNCN,"AGNC Investment Corp. - Depositary Shares Each Representing a 1/1,000th Interest in a Share of 7.00% Series C Fixed-To-Floating Rate Cumulative Redeemable Preferred Stock"
AGNCO,"AGNC Investment Corp. - Depositary Shares, each representing a 1/1,000th interest in a share of Series E Fixed-to-Floating Cumulative Redeemable Preferred Stock"
AGNCP,"AGNC Investment Corp. - Depositary Shares Each Representing a 1/1,000th Interest in a Share of 6.125% Series F Fixed-to-Floating Rate Cumulative Redeemable Preferred Stock"
AGNCZ,"AGNC Investment Corp. - Depositary Shares Each Representing a 1/1,000th Interest in a Share of 8.75% Series H Fixed-Rate Cumulative Redeemable Preferred Stock"
AGNT,"AGNT, Inc. - Common Stock"
AGPU,Axe Compute Inc. - Common Stock
AGYS,"Agilysys, Inc. - Common Stock"
AHCO,AdaptHealth Corp.  - Common Stock
AHG,Akso Health Group - American Depositary Shares
AHMA,Ambitions Enterprise Management Co. L.L.C - Class A Ordinary Shares
AIAI,AIAI Holdings Corporation - Class A common stock
AIBZ,Bitzero Holdings Inc. - Common Shares
AIDX,"20/20 Biolabs, Inc. - Common Stock"
AIFC,AI Financial Corporation - Common Stock
AIFF,"Firefly Neuroscience, Inc.  - Common Stock"
AIFU,AIFU Inc. - Class A Ordinary Share
AIHS,Senmiao Technology Limited - Common Stock
AIIO,Robo.ai Inc. - Class B Ordinary Shares
AIIOW,Robo.ai Inc. - Warrant
AIIR,Air Global PLC - Ordinary shares
AIMD,"Ainos, Inc. - Common Stock"
AIMDW,"Ainos, Inc. - warrants"
AIOS,AIOS Tech Inc. - Class A Common Shares
AIOT,"PowerFleet, Inc. - Common Stock"
AIP,"Arteris, Inc.  - Common Stock"
AIRE,reAlpha Tech Corp. - Common Stock
AIRG,"Airgain, Inc. - Common Stock"
AIRJ,AirJoule Technologies Corporation - Class A Common Stock
AIRJW,AirJoule Technologies Corporation - Warrant
AIRO,"AIRO Group Holdings, Inc. - Common Stock"
AIRS,"AirSculpt Technologies, Inc. - Common Stock"
AIRT,"Air T, Inc. - Common Stock"
AIRTP,"Air T, Inc. - Trust Preferred Securities"
AISP,"Airship AI Holdings, Inc - Class A Common Stock"
AISPW,"Airship AI Holdings, Inc - Warrants"
AIXC,"AIxCrypto Holdings, Inc. - Common Stock"
AIXI,XIAO-I Corporation - American Depositary Shares
AKAM,"Akamai Technologies, Inc. - Common Stock"
AKBA,"Akebia Therapeutics, Inc. - Common Stock"
AKTS,"Aktis Oncology, Inc. - Common stock"
AKTX,Akari Therapeutics Plc - American Depositary Shares
ALAB,"Astera Labs, Inc. - Common Stock"
ALAR,Alarum Technologies Ltd. - American Depositary Shares
ALCO,"Alico, Inc. - Common Stock"
ALDF,Aldel Financial II Inc. - Class A Ordinary Shares
ALDFU,Aldel Financial II Inc. - Units
ALDFW,Aldel Financial II Inc. - Warrants
ALDX,"Aldeyra Therapeutics, Inc. - Common Stock"
ALEC,"Alector, Inc. - Common Stock"
ALF,Centurion Acquisition Corp. - Class A Ordinary Shares
ALFUU,Centurion Acquisition Corp. - Unit
ALFUW,Centurion Acquisition Corp. - Warrant
ALGM,"Allegro MicroSystems, Inc. - Common Stock"
ALGN,"Align Technology, Inc. - Common Stock"
ALGS,"Aligos Therapeutics, Inc. - Common stock"
ALGT,Allegiant Travel Company - Common Stock
ALHC,"Alignment Healthcare, Inc. - Common Stock"
ALISR,Calisa Acquisition Corp - Right
ALISU,Calisa Acquisition Corp - Units
ALKS,Alkermes plc - Ordinary Shares
ALKT,"Alkami Technology, Inc. - Common Stock"
ALLO,"Allogene Therapeutics, Inc. - Common Stock"
ALLR,"Allarity Therapeutics, Inc. - Common stock"
ALLT,Allot Ltd. - Ordinary Shares
ALM,Almonty Industries Inc. - Common Shares
ALMR,"Alamar Biosciences, Inc. - Class A common stock"
ALMS,Alumis Inc. - Common Stock
ALMU,"Aeluma, Inc. - Common Stock"
ALNT,Allient Inc. - Common Stock
ALNY,"Alnylam Pharmaceuticals, Inc. - Common Stock"
ALOT,"AstroNova, Inc. - Common Stock"
ALOV,"Aldabra 4 Liquidity Opportunity Vehicle, Inc. - Class A Ordinary Shares"
ALOVU,"Aldabra 4 Liquidity Opportunity Vehicle, Inc. - Units"
ALOVW,"Aldabra 4 Liquidity Opportunity Vehicle, Inc. - Warrants"
ALOY,REalloys Inc. - Common Stock
ALPXU,Alpex Acquisition Corporation - Units
ALRM,"Alarm.com Holdings, Inc. - Common Stock"
ALRS,Alerus Financial Corporation - Common Stock
ALT,"Altimmune, Inc. - Common Stock"
ALTI,"AlTi Global, Inc. - Class A Common Stock"
ALTO,"Alto Ingredients, Inc. - Common Stock"
ALVO,Alvotech - Ordinary Shares
ALVOW,Alvotech - Warrant
ALXO,ALX Oncology Holdings Inc. - Common Stock
AMAL,Amalgamated Financial Corp. - Common Stock
AMAN,Amanat Acquisition Corp - Class A Ordinary Shares
AMAT,"Applied Materials, Inc. - Common Stock"
AMBA,"Ambarella, Inc. - Ordinary Shares"
AMBR,Amber International Holding Limited - American Depositary Shares
AMCI,AMC Robotics Corporation - Common Stock
AMCX,AMC Global Media Inc. - Class A Common Stock
AMD,"Advanced Micro Devices, Inc. - Common Stock"
AMGN,Amgen Inc. - Common Stock
AMKR,"Amkor Technology, Inc. - Common Stock"
AMLX,"Amylyx Pharmaceuticals, Inc. - Common Stock"
AMPG,"Amplitech Group, Inc. - Common Stock"
AMPGR,"Amplitech Group, Inc. - Series A Right"
AMPGZ,"Amplitech Group, Inc. - Series B Right"
AMPH,"Amphastar Pharmaceuticals, Inc. - Common Stock"
AMPL,"Amplitude, Inc. - Class A Common Stock"
AMRN,Amarin Corporation plc - American Depositary Shares
AMRX,"Amneal Pharmaceuticals, Inc. - Class A Common Stock"
AMSC,American Superconductor Corporation - Common Stock
AMSF,"AMERISAFE, Inc. - Common Stock"
AMSS,AMASS Brands Inc. - Common Stock
AMST,Amesite Inc. - Common Stock
AMTX,"Aemetis, Inc - Common Stock"
AMZN,"Amazon.com, Inc. - Common Stock"
ANAB,"AnaptysBio, Inc. - Common Stock"
ANDE,"The Andersons, Inc. - Common Stock"
ANGH,Anghami Inc. - Ordinary Shares
ANGHW,Anghami Inc. - Warrants
ANGI,Angi Inc. - Class A Common Stock
ANGO,"AngioDynamics, Inc. - Common Stock"
ANIK,Anika Therapeutics Inc. - Common Stock
ANIP,"ANI Pharmaceuticals, Inc. - Common Stock"
ANIX,"Anixa Biosciences, Inc. - Common Stock"
ANL,Adlai Nortye Ltd. - American Depositary Shares
ANNA,"AleAnna, Inc. - Class A Common Stock"
ANNAW,"AleAnna, Inc. - Warrant"
ANNX,"Annexon, Inc. - common stock"
ANPA,Rich Sparkle Holdings Limited - Ordinary Shares
ANSC,Agriculture & Natural Solutions Acquisition Corporation - Class A Ordinary Shares
ANSCU,Agriculture & Natural Solutions Acquisition Corporation - Unit
ANSCW,Agriculture & Natural Solutions Acquisition Corporation - Warrant
ANTA,Antalpha Platform Holding Company - Class A Ordinary Shares
ANTX,"AN2 Therapeutics, Inc. - Common Stock"
ANY,Sphere 3D Corp. - Common Shares
AOSL,Alpha and Omega Semiconductor Limited - Common Shares
AOUT,"American Outdoor Brands, Inc. - Common Stock"
APA,APA Corporation - Common Stock
APAC,StoneBridge Acquisition II Corporation - Class A Ordinary Shares
APACR,StoneBridge Acquisition II Corporation - Rights
APACU,StoneBridge Acquisition II Corporation - Units
APC,ARKO Petroleum Corp. - Class A Common Stock
APEI,"American Public Education, Inc. - Common Stock"
APGE,"Apogee Therapeutics, Inc. - Common Stock"
API,"Agora, Inc. - ADS"
APLD,Applied Digital Corporation - Common Stock
APMC,AmperCap Acquisition Company - Ordinary Shares
APMCR,AmperCap Acquisition Company - Right
APMCU,AmperCap Acquisition Company - Unit
APOG,"Apogee Enterprises, Inc. - Common Stock"
APP,Applovin Corporation - Class A Common Stock
APPF,"AppFolio, Inc. - Class A Common Stock"
APPN,Appian Corporation - Class A Common Stock
APPS,"Digital Turbine, Inc. - Common Stock"
APUR,Aperture AC - Class A Ordinary Shares
APURR,Aperture AC - Rights
APVO,Aptevo Therapeutics Inc. - Common Stock
APWC,"Asia Pacific Wire & Cable Corporation Limited  - Common shares, Par value .01 per share"
APXT,Apex Treasury Corporation - Class A Ordinary Share
APXTU,Apex Treasury Corporation - Units
APXTW,Apex Treasury Corporation - Warrants
APYX,Apyx Medical Corporation - Common Stock
AQB,"AquaBounty Technologies, Inc. - Common Stock"
AQMS,"Aqua Metals, Inc. - Common Stock"
AQST,"Aquestive Therapeutics, Inc. - Common Stock"
ARBB,ARB IOT Group Limited - Ordinary Shares
ARBEW,Arbe Robotics Ltd. - Warrant
ARBK,Argo Blockchain plc - American Depositary Shares
ARCB,ArcBest Corporation - Common Stock
ARCC,Ares Capital Corporation - Closed End Fund
ARCI,Archimedes Tech SPAC Partners III Co. - Ordinary Share
ARCIU,Archimedes Tech SPAC Partners III Co. - Unit
ARCIW,Archimedes Tech SPAC Partners III Co. - Warrant
ARCL,ARC Group Acquisition I Corp - Class A Ordinary Shares
ARCLR,ARC Group Acquisition I Corp - Right
ARCLU,ARC Group Acquisition I Corp - Unit
ARCLW,ARC Group Acquisition I Corp - Warrants
ARCT,Arcturus Therapeutics Holdings Inc. - Common Stock
ARDX,"Ardelyx, Inc. - Common Stock"
ARGX,argenx SE - American Depositary Shares
ARHS,"Arhaus, Inc. - Class A Common Stock"
ARKO,ARKO Corp. - Common Stock
ARKR,Ark Restaurants Corp. - Common Stock
ARLP,"Alliance Resource Partners, L.P. - Common Units Representing Limited Partnership Interests"
ARM,Arm Holdings plc - American Depositary Shares
AROW,Arrow Financial Corporation - Common Stock
ARQ,"Arq, Inc. - Common Stock"
ARQQ,Arqit Quantum Inc. - Ordinary Shares
ARQQW,Arqit Quantum Inc. - Warrants
ARQT,"Arcutis Biotherapeutics, Inc. - Common stock"
ARRY,"Array Technologies, Inc. - Common Stock"
ARTC,Art Technology Acquisition Corp. - Class A Ordinary Shares
ARTCU,Art Technology Acquisition Corp. - Units
ARTCW,Art Technology Acquisition Corp. - Warrants
ARTL,"Artelo Biosciences, Inc. - Common Stock"
ARTNA,Artesian Resources Corporation - Class A Non-Voting Common Stock
ARTV,"Artiva Biotherapeutics, Inc. - Common Stock"
ARTW,"Art's-Way Manufacturing Co., Inc. - Common Stock"
ARVN,"Arvinas, Inc. - Common Stock"
ARWR,"Arrowhead Pharmaceuticals, Inc. - Common Stock"
ARXS,"Arxis, Inc. - Class A Common Stock"
ASBP,"Aspire Biopharma Holdings, Inc.  - Common Stock"
ASBPW,"Aspire Biopharma Holdings, Inc.  - Warrant"
ASLE,AerSale Corporation - Common Stock
ASMB,"Assembly Biosciences, Inc. - Common Stock"
ASML,ASML Holding N.V. - New York Registry Shares
ASND,Ascendis Pharma A/S - Ordinary Share
ASO,"Academy Sports and Outdoors, Inc. - Common Stock"
ASPI,ASP Isotopes Inc. - Common Stock
ASPS,Altisource Portfolio Solutions S.A. - Common Stock
ASPSW,Altisource Portfolio Solutions S.A. - Net Settle Stakeholder Warrants
ASPSZ,Altisource Portfolio Solutions S.A. - Cash Exercise Stakeholder Warrants
ASRV,AmeriServ Financial Inc. - Common Stock
ASST,"Strive, Inc. - Class A Common Stock"
ASTC,Astrotech Corporation - Common Stock
ASTE,"Astec Industries, Inc. - Common Stock"
ASTH,Astrana Health Inc. - Common Stock
ASTI,"Ascent Solar Technologies, Inc - Common Stock"
ASTL,Algoma Steel Group Inc. - Common Shares
ASTLW,Algoma Steel Group Inc. - Warrant
ASTS,"AST SpaceMobile, Inc. - Class A Common Stock"
ASUR,Asure Software Inc - Common Stock
ASYS,"Amtech Systems, Inc. - Common Stock"
ATAI,AtaiBeckley Inc. - Common Stock
ATAT,Atour Lifestyle Holdings Limited - American Depositary Shares
ATCX,Atlas Critical Minerals Corporation - Common Stock
ATEC,"Alphatec Holdings, Inc. - Common Stock"
ATER,"Aterian, Inc. - Common Stock"
ATEX,Anterix Inc. - Common Stock
ATGL,Alpha Technology Group Limited - Class A Ordinary Shares
ATHE,Alterity Therapeutics Limited - American Depositary Shares
ATHR,"Aether Holdings, Inc. - Common Stock"
ATII,Archimedes Tech SPAC Partners II Co. - Ordinary Shares
ATIIU,Archimedes Tech SPAC Partners II Co. - Unit
ATIIW,Archimedes Tech SPAC Partners II Co. - Warrant
ATLC,Atlanticus Holdings Corporation - Common Stock
ATLCL,Atlanticus Holdings Corporation - 6.125% Senior Notes due 2026
ATLCP,"Atlanticus Holdings Corporation - 7.625% Series B Cumulative Perpetual Preferred Stock, no par value per share"
ATLCZ,Atlanticus Holdings Corporation - 9.25% Senior Notes due 2029
ATLO,Ames National Corporation - Common Stock
ATLX,Atlas Lithium Corporation - Common Stock
ATNI,"ATN International, Inc. - Common Stock"
ATOM,Atomera Incorporated - Common Stock
ATOS,"Atossa Therapeutics, Inc. - Common Stock"
ATPC,Agape ATP Corporation - Common Stock
ATRA,"Atara Biotherapeutics, Inc. - Common Stock"
ATRC,"AtriCure, Inc. - Common Stock"
ATRO,Astronics Corporation - Common Stock
ATXG,Addentax Group Corp. - Common Stock
AUBN,"Auburn National Bancorporation, Inc. - Common Stock"
AUC,ATIF Holdings Limited - Ordinary Shares
AUDC,AudioCodes Ltd. - Ordinary Shares
AUGO,Aura Minerals Inc. - Common Shares
AUID,authID Inc. - Common Stock
AUPH,Aurinia Pharmaceuticals Inc - Common Shares
AUR,"Aurora Innovation, Inc.  - Class A Common Stock"
AURA,"Aura Biosciences, Inc. - Common Stock"
AURE,Aurelion Inc.  - Class A Ordinary Shares
AUROW,"Aurora Innovation, Inc.  - Warrant"
AUTL,Autolus Therapeutics plc - American Depositary Shares
AVAH,Aveanna Healthcare Holdings Inc. - Common Stock
AVAT,Avalanche Treasury Corporation - Class A Common Stock
AVAV,"AeroVironment, Inc. - Common Stock"
AVBH,"Avidbank Holdings, Inc. - Common Stock"
AVBP,"ArriVent BioPharma, Inc. - Common Stock"
AVGO,Broadcom Inc. - Common Stock
AVIR,"Atea Pharmaceuticals, Inc. - common stock"
AVLN,Avalyn Pharma Inc. - common stock
AVNW,"Aviat Networks, Inc. - Common Stock"
AVO,"Mission Produce, Inc. - Common Stock"
AVPT,"AvePoint, Inc. - Class A Common Stock"
AVR,Anteris Technologies Global Corp. - Common Stock
AVT,"Avnet, Inc. - Common Stock"
AVTX,"Avalo Therapeutics, Inc. - Common Stock"
AWRE,"Aware, Inc. - Common Stock"
AXG,Solowin Holdings - Class A Ordinary Share
AXGN,"Axogen, Inc. - Common Stock"
AXIN,Axiom Intelligence Acquisition Corp 1 - Class A Ordinary Shares
AXINR,Axiom Intelligence Acquisition Corp 1 - Right
AXINU,Axiom Intelligence Acquisition Corp 1 - Units
AXON,"Axon Enterprise, Inc. - Common Stock"
AXSM,"Axsome Therapeutics, Inc. - Common Stock"
AXTI,AXT Inc - Common Stock
AYA,Aya Gold & Silver Inc. - Common Shares
AYTU,"Aytu BioPharma, Inc.  - Common Stock"
AZ,A2Z Cust2Mate Solutions Corp. - Common Shares
AZI,Autozi Internet Technology (Global) Ltd. - Class A Ordinary Shares
AZTA,"Azenta, Inc. - Common Stock"
BACC,Blue Acquisition Corp. - Class A Ordinary Shares
BACCR,Blue Acquisition Corp. - Right
BACCU,Blue Acquisition Corp. - Unit
BAER,"Bridger Aerospace Group Holdings, Inc. - Common Stock"
BAERW,"Bridger Aerospace Group Holdings, Inc. - Warrant"
BAFN,BayFirst Financial Corp. - Common Stock
BAND,Bandwidth Inc. - Class A Common Stock
BANF,BancFirst Corporation - Common Stock
BANFP,BancFirst Corporation - 7.2% Cumulative Trust Preferred Securities
BANR,Banner Corporation - Common Stock
BANX,ArrowMark Financial Corp. - Closed End Fund
BAOS,Baosheng Media Group Holdings Limited - Ordinary shares
BATRA,"Atlanta Braves Holdings, Inc. - Series A Common Stock"
BATRK,"Atlanta Braves Holdings, Inc. - Series C Common Stock"
BBCP,"Concrete Pumping Holdings, Inc.  - Common Stock"
BBCQ,Bleichroeder Acquisition Corp. II - Class A Ordinary Shares
BBCQU,Bleichroeder Acquisition Corp. II - Units
BBCQW,Bleichroeder Acquisition Corp. II - Warrants
BBIO,"BridgeBio Pharma, Inc. - Common Stock"
BBLG,Bone Biologics Corp - Common Stock
BBLGW,Bone Biologics Corp - warrants
BBNX,"Beta Bionics, Inc. - Common Stock"
BBOT,"BridgeBio Oncology Therapeutics, Inc. - Common Stock"
BBSI,"Barrett Business Services, Inc. - Common Stock"
BCAL,California BanCorp - Common Stock
BCAR,D. Boral ARC Acquisition I Corp. - Class A Ordinary Shares
BCARU,D. Boral ARC Acquisition I Corp. - Units
BCARW,D. Boral ARC Acquisition I Corp. - Warrant
BCAX,Bicara Therapeutics Inc. - Common Stock
BCBP,"BCB Bancorp, Inc. (NJ) - Common Stock"
BCG,"Binah Capital Group, Inc. - Common Stock"
BCGWW,"Binah Capital Group, Inc. - Warrants"
BCIC,BCP Investment Corporation - Closed End Fund
BCML,BayCom Corp - Common Stock
BCPC,Balchem Corporation - Common Stock
BCRX,"BioCryst Pharmaceuticals, Inc. - Common Stock"
BCTX,BriaCell Therapeutics Corp. - Common Shares
BCTXL,BriaCell Therapeutics Corp. - Warrants
BCTXZ,BriaCell Therapeutics Corp. - Warrant
BCYC,Bicycle Therapeutics plc - American Depositary Shares
BDCI,BTC Development Corp. - Class A Ordinary Shares
BDCIU,BTC Development Corp. - Unit
BDCIW,BTC Development Corp. - Warrant
BDMD,Baird Medical Investment Holdings Ltd - Ordinary Share
BDMDW,Baird Medical Investment Holdings Ltd - Warrant
BDRX,Biodexa Pharmaceuticals plc - American Depositary Shares
BDSX,"Biodesix, Inc. - Common Stock"
BDTX,"Black Diamond Therapeutics, Inc. - Common Stock"
BEAG,Bold Eagle Acquisition Corp. - Class A Ordinary Shares
BEAGR,Bold Eagle Acquisition Corp. - Right
BEAGU,Bold Eagle Acquisition Corp. - Units
BEAM,Beam Therapeutics Inc. - Common Stock
BEAT,"Heartbeam, Inc. - Common Stock"
BEATW,"Heartbeam, Inc. - Warrant"
BEEM,Beam Global - Common Stock
BEEP,Mobile Infrastructure Corporation - Common Stock
BELFA,Bel Fuse Inc. - Class A Common Stock
BELFB,Bel Fuse Inc. - Class B Common Stock
BENF,Beneficient - Class A Common Stock
BENFW,Beneficient - Warrant
BETR,Better Home & Finance Holding Company - Class A Common Stock
BETRW,Better Home & Finance Holding Company - Warrant
BFC,Bank First Corporation - Common Stock
BFRGW,"Bullfrog AI Holdings, Inc. - Warrants"
BFRI,Biofrontera Inc. - Common Stock
BFRIW,Biofrontera Inc. - Warrants
BFST,"Business First Bancshares, Inc. - Common Stock"
BGC,"BGC Group, Inc. - Class A Common Stock"
BGDE,"Big Digital Energy, Inc. - Common Stock"
BGIN,Bgin Blockchain Limited - Class A Ordinary Shares
BGL,Blue Gold Limited - Class A ordinary shares
BGLC,BioNexus Gene Lab Corp - Common stock
BGLWW,Blue Gold Limited - Warrant
BGMS,"Bio Green Med Solution, Inc. - Common Stock"
BHAV,BHAV Acquisition Corp - Class A Ordinary Shares
BHAVR,BHAV Acquisition Corp - Rights
BHAVU,BHAV Acquisition Corp - Units
BHF,"Brighthouse Financial, Inc. - Common Stock"
BHFAL,"Brighthouse Financial, Inc. - Junior Subordinated Debentures due 2058"
BHFAM,"Brighthouse Financial, Inc. - Depositary shares each representing a 1/1,000th Interest in a Share of 4.625% Non-Cumulative Preferred Stock, Series D"
BHFAN,"Brighthouse Financial, Inc. - depositary shares, each representing a 1/1,000th interest in a share of 5.375% Non-Cumulative Preferred Stock, Series C"
BHFAO,"Brighthouse Financial, Inc. - Depositary Shares, each representing a 1/1,000th interest in a share of 6.750% Non-Cumulative Preferred Stock, Series B"
BHFAP,"Brighthouse Financial, Inc. - Depositary Shares 6.6% Non-Cumulative Preferred Stock, Series A"
BHRB,Burke & Herbert Financial Services Corp. - Common Stock
BHST,BioHarvest Sciences Inc. - Common Stock
BIAF,"bioAffinity Technologies, Inc. - Common Stock"
BIAFW,"bioAffinity Technologies, Inc. - Warrant"
BIDU,"Baidu, Inc. - American Depositary Shares, each representing 8 ordinary share"
BIDWU,Tribeca Strategic Acquisition Corp. - Unit
BIIB,Biogen Inc. - Common Stock
BILI,Bilibili Inc. - American Depositary Shares
BIOA,"BioAge Labs, Inc. - Common Stock"
BIRD,"Smartbird, Inc. - Class A Common Stock"
BIVI,BioVie Inc. - Common stock
BIVIW,BioVie Inc. - Warrant
BIXI,Bitcoin Infrastructure Acquisition Corp Ltd. - Class A Ordinary Shares
BIXIU,Bitcoin Infrastructure Acquisition Corp Ltd. - Units
BIXIW,Bitcoin Infrastructure Acquisition Corp Ltd. - Warrants
BIYA,Baiya International Group Inc.  - Ordinary Shares
BJDX,"Bluejay Diagnostics, Inc. - Common Stock"
BJRI,"BJ's Restaurants, Inc. - Common Stock"
BKNG,Booking Holdings Inc. - Common Stock
BKR,Baker Hughes Company - Common Stock
BL,"BlackLine, Inc. - Common Stock"
BLBD,Blue Bird Corporation - Common Stock
BLDP,"Ballard Power Systems, Inc. - Common Shares"
BLFS,"BioLife Solutions, Inc. - Common Stock"
BLIN,"Bridgeline Digital, Inc. - Common Stock"
BLIV,BeLive Holdings - ordinary shares
BLKB,"Blackbaud, Inc. - Common Stock"
BLLN,"BillionToOne, Inc. - Class A common stock"
BLMN,"Bloomin' Brands, Inc. - Common Stock"
BLNE,"Beeline Holdings, Inc. - Common Stock"
BLRK,Bluerock Acquisition Corp. - Class A Ordinary Shares
BLRKU,Bluerock Acquisition Corp. - Units
BLRKW,Bluerock Acquisition Corp. - Warrants
BLRX,BioLineRx Ltd. - American Depositary Shares
BLTE,"Belite Bio, Inc - American Depositary Shares"
BLUW,Blue Water Acquisition Corp. III - Class A Ordinary Shares
BLUWU,Blue Water Acquisition Corp. III - Unit.
BLUWW,Blue Water Acquisition Corp. III - Warrant.
BLZE,"Backblaze, Inc. - Common Stock"
BLZR,Trailblazer Acquisition Corp. - Class A Ordinary Shares
BLZRU,Trailblazer Acquisition Corp. - Unit
BLZRW,Trailblazer Acquisition Corp. - Warrant
BMBL,Bumble Inc. - common stock
BMEA,"Biomea Fusion, Inc. - Common Stock"
BMHL,Bluemount Holdings Limited - Class B Ordinary Shares
BMM,Blue Moon Metals Inc. - Common Shares
BMR,Beamr Imaging Ltd. - Ordinary Share
BMRA,"Biomerica, Inc. - Common Stock"
BMRC,Bank of Marin Bancorp - Common Stock
BMRN,BioMarin Pharmaceutical Inc. - Common Stock
BNAI,Brand Engagement Network Inc. - Common Stock
BNAIW,Brand Engagement Network Inc. - Warrant
BNGO,"Bionano Genomics, Inc. - Common Stock"
BNKK,"Bonk, Inc. - Common Stock"
BNR,Burning Rock Biotech Limited - American Depositary Shares
BNRG,Brenmiller Energy Ltd - Ordinary Shares
BNTC,Benitec Biopharma Inc. - Common Stock
BNTX,BioNTech SE - American Depositary Shares
BNZI,"Banzai International, Inc. - Class A Common Stock"
BNZIW,"Banzai International, Inc. - Warrant"
BODI,"The Beachbody Company, Inc. - Class A Common Stock"
BOF,BranchOut Food Inc. - Common Stock
BOKF,BOK Financial Corporation - Common Stock
BOLD,"Boundless Bio, Inc. - Common Stock"
BOLT,"Bolt Biotherapeutics, Inc. - Common Stock"
BON,Bon Natural Life Limited - Class A Ordinary Shares
BOOM,DMC Global Inc. - Common Stock
BOSC,B.O.S. Better Online Solutions - Ordinary Shares
BOT,"RoboStrategy, Inc. - Common Stock"
BOTJ,"Bank of the James Financial Group, Inc. - Common Stock"
BPAC,Blueport Acquisition Ltd - Class A Ordinary Shares
BPACR,Blueport Acquisition Ltd - Rights
BPACU,Blueport Acquisition Ltd - Units
BPOP,"Popular, Inc. - Common Stock"
BPOPM,"Popular, Inc. - Popular Capital Trust II - 6.125% Cumulative Monthly Income Trust Preferred Securities"
BPRN,"Princeton Bancorp, Inc. - Common Stock"
BPYPM,"Brookfield Property Partners L.P. - 6.25% Class A Cumulative Redeemable Preferred Units, Series 1"
BPYPN,"Brookfield Property Partners L.P. - 5.750% Class A Cumulative Redeemable Perpetual Preferred Units, Series 3"
BPYPO,"Brookfield Property Partners L.P. - 6.375% Class A Cumulative Redeemable Perpetual Preferred Units, Series 2"
BPYPP,Brookfield Property Partners L.P. - 6.50% Class A Cumulative Redeemable Perpetual Preferred Units
BRAG,Bragg Gaming Group Inc. - Common Shares
BRAI,Braiin Limited - Common Stock
BRBI,BRBI BR Partners S.A. - ADSs
BRCB,"Black Rock Coffee Bar, Inc. - Class A Common Stock"
BREZ,Breeze Acquisition Corp. II - Ordinary Shares
BREZR,Breeze Acquisition Corp. II - Rights
BRFH,Barfresh Food Group Inc. - Common Stock
BRID,Bridgford Foods Corporation - Common Stock
BRKHU,Burtech Acquisition Corp II - Units
BRKR,Bruker Corporation - Common Stock
BRKRP,"Bruker Corporation - 6.375% Mandatory Convertible Preferred Stock, Series A"
BRLT,"Brilliant Earth Group, Inc. - Class A Common Stock"
BRUN,Boost Run Inc. - Class A Common Stock
BRUNW,Boost Run Inc. - Warrant
BRZE,"Braze, Inc. - Class A Common Stock"
BSAA,BEST SPAC I Acquisition Corp. - Class A Ordinary Shares
BSAAR,BEST SPAC I Acquisition Corp. - Rights
BSAAU,BEST SPAC I Acquisition Corp. - Unit
BSBK,Bogota Financial Corp. - Common Stock
BSET,"Bassett Furniture Industries, Incorporated - Common Stock"
BSIN,Big Sky Industrial Inc. - Common Stock
BSP,Bending Spoons S.p.A. - Ordinary Shares
BSRR,Sierra Bancorp - Common Stock
BSVN,Bank7 Corp. - Common stock
BSY,"Bentley Systems, Incorporated - Class B Common Stock"
BTAI,"BioXcel Therapeutics, Inc. - Common Stock"
BTBD,"BT Brands, Inc. - Common Stock"
BTBDW,"BT Brands, Inc. - Warrant"
BTBT,"Bit Digital, Inc. - Ordinary Share"
BTCS,BTCS Inc. - Common Stock
BTCT,BTC Digital Ltd. - Ordinary Shares
BTDR,Bitdeer Technologies Group - Ordinary Shares
BTMD,Biote Corp. - Class A common stock
BTOG,Bit Origin Limited - Class A Ordinary Shares
BTQ,BTQ Technologies Corp. - Common Stock
BTSG,"BrightSpring Health Services, Inc. - Common Stock"
BTSGU,"BrightSpring Health Services, Inc. - Tangible Equity Unit"
BTTC,Black Titan Corp - Ordinary Shares
BULL,Webull Corporation - Class A Ordinary Shares
BULLW,Webull Corporation - Warrants
BUSE,First Busey Corporation - Common Stock
BUSEP,"First Busey Corporation - Depositary Shares, Each Representing a 1/40th Interest in a Share of 8.25% Fixed-Rate Series B Non-Cumulative Perpetual Preferred Stock, $0.001 par value"
BUUU,BUUU Group Limited - Class A Ordinary Share
BVC,BitVentures Limited - Ordinary Share
BVFL,"BV Financial, Inc. - Common Stock"
BVS,Bioventus Inc. - Class A Common Stock
BWAY,BrainsWay Ltd. - American Depositary Shares
BWB,"Bridgewater Bancshares, Inc. - Common Stock"
BWBBP,"Bridgewater Bancshares, Inc. - Depositary Shares, Each Representing a 1/100th Interest in a Share of 5.875% Non-Cumulative Perpetual Preferred Stock, Series A"
BWEN,"Broadwind, Inc. - Common Stock"
BWFG,"Bankwell Financial Group, Inc. - Common Stock"
BWIN,"The Baldwin Insurance Group, Inc. - Class A Common Stock"
BWMN,Bowman Consulting Group Ltd. - Common Stock
BYAH,"Park Ha Biological Technology Co., Ltd. - Class A Ordinary Shares"
BYFC,Broadway Financial Corporation - Class A Common Stock
BYRN,"Byrna Technologies, Inc. - Common Stock"
BYSI,"BeyondSpring, Inc. - Ordinary Shares"
BZ,KANZHUN LIMITED - American Depository Shares
BZAI,"Blaize Holdings, Inc. - Common Stock"
BZAIW,"Blaize Holdings, Inc. - Warrant"
BZFD,"BuzzFeed, Inc. - Class A Common Stock"
BZFDW,"BuzzFeed, Inc. - Warrant"
BZUN,Baozun Inc. - American Depositary Shares
CAAS,"China Automotive Systems, Inc. - Ordinary Share"
CABA,"Cabaletta Bio, Inc. - Common Stock"
CAC,Camden National Corporation - Common Stock
CACC,Credit Acceptance Corporation - Common Stock
CADL,"Candel Therapeutics, Inc. - Common Stock"
CAES,"Cantor Equity Partners VII, Inc. - Class A Ordinary Shares"
CAI,"Caris Life Sciences, Inc. - Common Stock"
CAII,Collective Acquisition Corp. II - Class A Ordinary Shares
CAIIU,Collective Acquisition Corp. II - Units
CAIIW,Collective Acquisition Corp. II - Warrants
CAKE,The Cheesecake Factory Incorporated - Common Stock
CALM,"Cal-Maine Foods, Inc. - Common Stock"
CAMP,CAMP4 Therapeutics Corporation - Common Stock
CAMT,Camtek Ltd. - Ordinary Shares
CAPNR,Cayson Acquisition Corp - Right
CAPNU,Cayson Acquisition Corp - Units
CAPR,"Capricor Therapeutics, Inc. - Common Stock"
CAQ,Cambridge Acquisition Corp. - Class A Ordinary Shares
CAQUU,Cambridge Acquisition Corp. - Unit
CAQUW,Cambridge Acquisition Corp. - Warrants
CAR,"Avis Budget Group, Inc. - Common Stock"
CARE,"Carter Bankshares, Inc. - Common Stock"
CARG,"CarGurus, Inc. - Class A Common Stock"
CARL,"Carlsmed, Inc. - Common Stock"
CART,Maplebear Inc. - Common Stock
CASH,"Pathward Financial, Inc. - Common Stock"
CASS,"Cass Information Systems, Inc - Common Stock"
CAST,"FreeCast, Inc. - Class A common stock"
CASY,"Caseys General Stores, Inc. - Common Stock"
CATY,Cathay General Bancorp - Common Stock
CBC,"Central Bancompany, Inc. - Class A Common Stock"
CBFV,"CB Financial Services, Inc. - Common Stock"
CBIO,"Crescent Biopharma, Inc. - Common Stock"
CBK,"Commercial Bancgroup, Inc. - Common Stock"
CBLL,"CeriBell, Inc. - Common Stock"
CBNK,"Capital Bancorp, Inc. - Common Stock"
CBRL,"Cracker Barrel Old Country Store, Inc. - Common Stock"
CBRS,Cerebras Systems Inc. - Class A Common Stock
CBSH,"Commerce Bancshares, Inc. - Common Stock"
CBUS,"Cibus, Inc. - Class A Common Stock"
CCAP,"Crescent Capital BDC, Inc. - Common Stock"
CCAQ,Collective Acquisition Corp. - Class A ordinary shares
CCAQU,Collective Acquisition Corp. - Units
CCAQW,Collective Acquisition Corp. - Warrants
CCB,Coastal Financial Corporation - Common Stock
CCBG,Capital City Bank Group - Common Stock
CCC,CCC Intelligent Solutions Holdings Inc. - Common Stock
CCCC,"C4 Therapeutics, Inc. - Common Stock"
CCD,Calamos Dynamic Convertible & Income Fund - Closed End Fund
CCEC,Capital Clean Energy Carriers Corp. - Common Share
CCEP,Coca-Cola Europacific Partners plc - Ordinary Shares
CCGWW,Cheche Group Inc. - Warrant
CCII,Cohen Circle Acquisition Corp. II - Class A Ordinary Shares
CCIIU,Cohen Circle Acquisition Corp. II - Unit
CCIIW,Cohen Circle Acquisition Corp. II - Warrant
CCIX,Churchill Capital Corp IX - Ordinary Shares
CCIXU,Churchill Capital Corp IX - Unit
CCIXW,Churchill Capital Corp IX - Warrant
CCLD,"CareCloud, Inc. - Common Stock"
CCNE,CNB Financial Corporation - Common Stock
CCNEP,"CNB Financial Corporation - Depositary shares, each representing a 1/40th ownership interest in a share of 7.125% Series A Fixed- Rate Non-Cumulative Perpetual Preferred Stock"
CCOI,"Cogent Communications Holdings, Inc. - Common Stock"
CCRN,"Cross Country Healthcare, Inc. - Common Stock"
CCSI,"Consensus Cloud Solutions, Inc. - Common Stock"
CCXI,Churchill Capital Corp XI - Class A Ordinary Shares
CCXIU,Churchill Capital Corp XI - Units
CCXIW,Churchill Capital Corp XI - Warrants
CD,Chaince Digital Holdings Inc. - American Ordinary Shares
CDIO,Cardio Diagnostics Holdings Inc. - Common stock
CDIOW,Cardio Diagnostics Holdings Inc. - Warrant
CDLX,"Cardlytics, Inc. - Common Stock"
CDNA,"CareDx, Inc. - Common Stock"
CDNL,Cardinal Infrastructure Group Inc. - Class A Common Stock
CDNS,"Cadence Design Systems, Inc. - Common Stock"
CDRO,"Codere Online Luxembourg, S.A. - Ordinary Shares"
CDROW,"Codere Online Luxembourg, S.A. - Warrants"
CDTG,CDT Environmental Technology Investment Holdings Limited - ordinary shares
CDW,CDW Corporation - Common Stock
CDXS,"Codexis, Inc. - Common Stock"
CDZI,"Cadiz, Inc. - Common Stock"
CDZIP,"Cadiz, Inc. - Depositary Shares"
CECO,CECO Environmental Corp. - Common Stock
CEG,Constellation Energy Corporation - Common Stock When-Issued
CELC,Celcuity Inc. - Common Stock
CELH,"Celsius Holdings, Inc. - Common Stock"
CELZ,"Creative Medical Technology Holdings, Inc. - Common Stock"
CENN,Cenntro Inc. - Common Stock
CENT,Central Garden & Pet Company - Common Stock
CENTA,Central Garden & Pet Company - Class A Common Stock Nonvoting
CENX,Century Aluminum Company - Common Stock
CEPF,"Cantor Equity Partners IV, Inc. - Class A Ordinary Shares"
CEPO,"Cantor Equity Partners I, Inc. - Class A Ordinary Shares"
CEPS,"Cantor Equity Partners VI, Inc. - Class A Ordinary Shares"
CEPV,"Cantor Equity Partners V, Inc. - Class A Ordinary Shares"
CERS,Cerus Corporation - Common Stock
CERT,"Certara, Inc. - Common Stock"
CETX,Cemtrex Inc. - Common Stock
CEVA,"CEVA, Inc. - Common Stock"
CFBK,CF Bankshares Inc. - Common Stock
CFFI,C&F Financial Corporation - Common Stock
CFFN,"Capitol Federal Financial, Inc. - Common Stock"
CG,The Carlyle Group Inc. - Common Stock
CGABL,The Carlyle Group Inc. - 4.625% Subordinated Notes due 2061
CGBD,"Carlyle Secured Lending, Inc. - Closed End Fund"
CGC,Canopy Growth Corporation - Common Shares
CGCFU,Cartesian Growth Corporation IV - Units
CGEM,"Cullinan Therapeutics, Inc. - Common Stock"
CGEN,Compugen Ltd. - Ordinary Shares
CGNT,Cognyte Software Ltd. - Ordinary Shares
CGNX,Cognex Corporation - Common Stock
CGO,Calamos Global Total Return Fund - Closed End Fund
CGON,"CG Oncology, Inc. - Common stock"
CGTL,Creative Global Technology Holdings Limited - Class A Ordinary Shares
CGTX,"Cognition Therapeutics, Inc. - Common Stock"
CHA,"Chagee Holdings Limited - American Depositary Shares, each representing 1 Class A ordinary share"
CHAI,"Core AI Holdings, Inc. - Common Shares"
CHAR,Charlton Aria Acquisition Corporation - Class A Ordinary Shares
CHARR,Charlton Aria Acquisition Corporation - Rights
CHARU,Charlton Aria Acquisition Corporation - Units
CHCI,"Comstock Holding Companies, Inc. - Class A Common Stock"
CHCO,City Holding Company - Common Stock
CHDN,"Churchill Downs, Incorporated - Common Stock"
CHEC,Chenghe Acquisition III Co. - Class A Ordinary Shares
CHECU,Chenghe Acquisition III Co. - Units
CHECW,Chenghe Acquisition III Co. - Warrants
CHEF,"The Chefs' Warehouse, Inc. - Common Stock"
CHI,Calamos Convertible Opportunities and Income Fund - Closed End Fund
CHKP,Check Point Software Technologies Ltd. - Ordinary Shares
CHMG,Chemung Financial Corp  - Common Stock
CHNR,"China Natural Resources, Inc. - Common Shares"
CHPG,ChampionsGate Acquisition Corporation - Class A Ordinary Share
CHPGR,ChampionsGate Acquisition Corporation - Rights
CHPGU,ChampionsGate Acquisition Corporation - Unit
CHR,"Cheer Holding, Inc.  - Class A Ordinary Share"
CHRD,Chord Energy Corporation - Common Stock
CHRN,ChronoScale Holdings Corporation - Common Stock
CHRS,"Coherus Oncology, Inc. - Common Stock"
CHRW,"C.H. Robinson Worldwide, Inc. - Common Stock"
CHSCL,"CHS Inc - Class B Cumulative Redeemable Preferred Stock, Series 4"
CHSCM,"CHS Inc - Class B Reset Rate Cumulative Redeemable Preferred Stock, Series 3"
CHSCN,CHS Inc - Preferred Class B Series 2 Reset Rate
CHSCO,CHS Inc - Class B Cumulative Redeemable Preferred Stock
CHSCP,CHS Inc - 8%  Cumulative Redeemable Preferred Stock
CHSN,Chanson International Holding - Class A Ordinary Shares
CHTR,"Charter Communications, Inc. - Class A Common Stock"
CHW,Calamos Global Dynamic Income Fund - Closed End Fund
CHY,Calamos Convertible and High Income Fund - Closed End Fund
CHYM,"Chime Financial, Inc. - Class A Common Stock"
CIFR,Cipher Digital Inc. - Common Stock
CIGI,Colliers International Group Inc.  - Subordinate Voting Shares
CIIT,"Tianci International, Inc. - Common Stock"
CINF,Cincinnati Financial Corporation - Common Stock
CING,Cingulate Inc. - Common Stock
CINGW,Cingulate Inc. - Warrants
CIRC,"Circle8 Group, Inc. - Common Stock"
CISS,C3is Inc. - Common Stock
CIVB,"Civista Bancshares, Inc.  - Common Stock"
CLAR,Clarus Corporation - Common Stock
CLBK,"Columbia Financial, Inc. - Common Stock"
CLBT,Cellebrite DI Ltd. - Ordinary Shares
CLDX,"Celldex Therapeutics, Inc. - Common Stock"
CLFD,"Clearfield, Inc. - Common Stock"
CLIK,Click Holdings Limited - Ordinary Share
CLIR,ClearSign Technologies Corporation - Common Stock
CLLS,Cellectis S.A. - American Depositary Shares
CLMB,"Climb Global Solutions, Inc. - Common Stock"
CLMT,"Calumet, Inc - Common Stock"
CLNE,Clean Energy Fuels Corp. - Common Stock
CLNN,Clene Inc. - Common Stock
CLOV,"Clover Health Investments, Corp.  - Class A Common stock"
CLPT,ClearPoint Neuro Inc. - Common Stock
CLRB,"Cellectar Biosciences, Inc. - Common Stock"
CLSK,"CleanSpark, Inc. - Common Stock"
CLSKW,"CleanSpark, Inc. - Warrant"
CLST,"Catalyst Bancorp, Inc. - common stock"
CLWT,Euro Tech Holdings Company Limited - Ordinary Shares
CLYM,"Climb Bio, Inc. - Common Stock"
CMCO,Columbus McKinnon Corporation - Common Stock
CMCSA,Comcast Corporation - Class A Common Stock
CMCT,Creative Media  - Common Stock
CME,CME Group Inc. - Class A Common Stock
CMII,Columbus Circle Capital Corp II - Class A Ordinary Shares
CMIIU,Columbus Circle Capital Corp II - Unit
CMIIW,Columbus Circle Capital Corp II - Warrant
CMMB,Chemomab Therapeutics Ltd.  - American Depositary Shares
CMND,Clearmind Medicine Inc. - Common Shares
CMPR,Cimpress plc - Ordinary Shares
CMPS,COMPASS Pathways Plc - American Depository Shares
CMPX,"Compass Therapeutics, Inc. - Common Stock"
CMRC,"Commerce.com, Inc. - Series 1 Common Stock"
CMTL,Comtech Telecommunications Corp. - Common Stock
CMTV,Community Bancorp.  - Common stock
CNCK,Coincheck Group N.V. - Ordinary Shares
CNCKW,Coincheck Group N.V. - Warrants
CNDT,Conduent Incorporated - Common Stock
CNEY,CN Energy Group Inc. - Class A Ordinary Shares
CNOB,"ConnectOne Bancorp, Inc. - Common Stock"
CNOBP,"ConnectOne Bancorp, Inc. - Depositary Shares (each representing a 1/40th interest in a share of 5.25% Fixed-Rate Reset Non-Cumulative Perpetual Preferred Stock, Series A, par value $0.00 per share)"
CNSP,"CNS Pharmaceuticals, Inc. - Common Stock"
CNTB,Connect Biopharma Holdings Limited - Ordinary Shares
CNTN,"Canton Strategic Holdings, Inc. - Common Stock"
CNTX,Context Therapeutics Inc. - Common Stock
CNTY,"Century Casinos, Inc. - Common Stock"
CNVS,Cineverse Corp. - Class A Common Stock
CNXC,Concentrix Corporation - Common Stock
CNXN,"PC Connection, Inc. - Common Stock"
CNXU,Conexeu Sciences Inc. - Common Stock
COAG,"Hemab Therapeutics Holdings, Inc. - Common Stock"
COCHW,"Envoy Medical, Inc. - Warrant"
COCO,"The Vita Coco Company, Inc. - Common Stock"
COCP,"Cocrystal Pharma, Inc. - Common Stock"
CODA,"Coda Octopus Group, Inc. - Common stock"
CODX,"Co-Diagnostics, Inc. - Common Stock"
COFS,"ChoiceOne Financial Services, Inc. - Common Stock"
COGT,"Cogent Biosciences, Inc. - Common Stock"
COHU,"Cohu, Inc. - Common Stock"
COIN,"Coinbase Global, Inc. - Class A Common Stock"
COKE,"Coca-Cola Consolidated, Inc. - Common Stock"
COLAR,Columbus Acquisition Corp - Rights
COLAU,Columbus Acquisition Corp - Unit
COLB,"Columbia Banking System, Inc. - Common Stock"
COLL,"Collegium Pharmaceutical, Inc. - Common Stock"
COLM,Columbia Sportswear Company - Common Stock
COO,"The Cooper Companies, Inc.  - Common Stock"
COOTW,Australian Oilseeds Holdings Limited - Warrant
CORT,Corcept Therapeutics Incorporated - Common Stock
CORZ,"Core Scientific, Inc. - Common Stock"
CORZW,"Core Scientific, Inc. - Tranche 1 Warrants"
CORZZ,"Core Scientific, Inc. - Tranche 2 Warrants"
COST,Costco Wholesale Corporation - Common Stock
COYA,"Coya Therapeutics, Inc. - Common Stock"
CPB,The Campbell's Company - Common Stock
CPBI,"Central Plains Bancshares, Inc. - Common Stock"
CPHC,Canterbury Park Holding Corporation - Common Stock
CPIX,Cumberland Pharmaceuticals Inc. - Common Stock
CPRT,"Copart, Inc. - Common Stock"
CPRX,"Catalyst Pharmaceuticals, Inc. - Common Stock"
CPSH,CPS Technologies Corp. - Common Stock
CPSS,"Consumer Portfolio Services, Inc. - Common Stock"
CPZ,Calamos Long/Short Equity & Dynamic Income Trust - Closed End Fund
CRAC,Crown Reserve Acquisition Corp. I - Class A Ordinary Shares
CRACR,Crown Reserve Acquisition Corp. I - Rights
CRACU,Crown Reserve Acquisition Corp. I - Unit
CRACW,Crown Reserve Acquisition Corp. I - Warrant
CRAI,"CRA International,Inc. - Common Stock"
CRAN,Crane Harbor Acquisition Corp. II - Class A Ordinary Shares
CRANR,Crane Harbor Acquisition Corp. II - Rights
CRANU,Crane Harbor Acquisition Corp. II - Units
CRAQ,Cal Redwood Acquisition Corp. - Class A Ordinary Shares
CRAQR,Cal Redwood Acquisition Corp. - Right
CRAQU,Cal Redwood Acquisition Corp. - Units
CRBP,"Corbus Pharmaceuticals Holdings, Inc. - Common Stock"
CRBU,"Caribou Biosciences, Inc. - Common Stock"
CRCT,"Cricut, Inc. - Class A common stock"
CRDF,"Cardiff Oncology, Inc. - Common Stock"
CRDL,Cardiol Therapeutics Inc. - Class A Common Shares
CRDO,Credo Technology Group Holding Ltd - Ordinary Shares
CRE,Cre8 Enterprise Limited - Class A Ordinary Shares
CRESY,"Cresud S.A.C.I.F. y A. - American Depositary Shares, each representing ten shares of Common Stock"
CREX,"Creative Realities, Inc. - Common Stock"
CRGO,Freightos Limited - Ordinary shares
CRGOW,Freightos Limited - Warrants
CRMD,CorMedix Inc. - Common Stock
CRML,Critical Metals Corp. - Ordinary Shares
CRMLW,Critical Metals Corp. - Warrants
CRMT,"America's Car-Mart, Inc. - Common Stock"
CRNC,Cerence Inc. - Common Stock
CRNT,Ceragon Networks Ltd. - Ordinary Shares
CRNX,"Crinetics Pharmaceuticals, Inc. - Common Stock"
CRON,Cronos Group Inc. - Common Share
CROX,"Crocs, Inc. - Common Stock"
CRSP,CRISPR Therapeutics AG - Common Shares
CRSR,"Corsair Gaming, Inc. - Common Stock"
CRTO,Criteo S.A. - American Depositary Shares
CRUS,"Cirrus Logic, Inc. - Common Stock"
CRVL,CorVel Corp. - Common Stock
CRVO,CervoMed Inc. - Common Stock
CRVS,"Corvus Pharmaceuticals, Inc. - Common Stock"
CRWD,"CrowdStrike Holdings, Inc. - Class A Common Stock"
CRWS,"Crown Crafts, Inc. - Common Stock"
CRWV,"CoreWeave, Inc. - Class A Common Stock"
CSBR,"Champions Oncology, Inc. - Common Stock"
CSCO,"Cisco Systems, Inc. - Common Stock"
CSGP,"CoStar Group, Inc. - Common Stock"
CSHR,CoinShares PLC - Ordinary Shares
CSHRW,CoinShares PLC - Warrants
CSIQ,Canadian Solar Inc. - Common Shares
CSPI,CSP Inc. - Common Stock
CSQ,Calamos Strategic Total Return Fund - Closed End Fund
CSTE,Caesarstone Ltd. - Ordinary Shares
CSTL,"Castle Biosciences, Inc. - Common stock"
CSWC,Capital Southwest Corporation - Common Stock
CSX,CSX Corporation - Common Stock
CTAA,ClearThink 1 Acquisition Corp. - Class A Ordinary Shares
CTAAR,ClearThink 1 Acquisition Corp. - Rights
CTAAU,ClearThink 1 Acquisition Corp. - Units
CTAS,Cintas Corporation - Common Stock
CTBI,"Community Trust Bancorp, Inc. - Common Stock"
CTKB,"Cytek Biosciences, Inc. - Common Stock"
CTMX,"CytomX Therapeutics, Inc. - Common Stock"
CTNM,"Contineum Therapeutics, Inc. - Common stock"
CTNT,Cheetah Net Supply Chain Service Inc. - Class A Common Stock
CTRM,Castor Maritime Inc. - Common Shares
CTRN,"Citi Trends, Inc. - Common Stock"
CTSH,Cognizant Technology Solutions Corporation - Class A Common Stock
CTW,CTW - Class A Ordinary Shares
CUB,Lionheart Holdings - Class A Ordinary Shares
CUBWU,Lionheart Holdings - Unit
CUBWW,Lionheart Holdings - Warrant
CUE,"Cue Biopharma, Inc. - Common Stock"
CULP,"Culp, Inc. - Common Shares"
CUPR,Cuprina Holdings (Cayman) Limited - Class A Ordinary shares
CURI,CuriosityStream Inc.  - Class A Common Stock
CURR,Currenc Group Inc. - Ordinary Shares
CV,"CapsoVision, Inc. - Common Stock"
CVBF,CVB Financial Corporation - Common Stock
CVCO,"Cavco Industries, Inc. - Common Stock"
CVGI,"Commercial Vehicle Group, Inc. - Common Stock"
CVKD,"Cadrenal Therapeutics, Inc. - Common Stock"
CVLT,"Commvault Systems, Inc. - Common Stock"
CVRX,"CVRx, Inc. - Common Stock"
CVV,CVD Equipment Corporation - Common Stock
CWBC,Community West Bancshares - Common Stock
CWCO,Consolidated Water Co. Ltd. - Ordinary Shares
CWD,CaliberCos Inc. - Class A Common Stock
CWST,"Casella Waste Systems, Inc. - Class A Common Stock"
CXAIW,CXApp Inc. - Warrant
CXDO,"Crexendo, Inc. - Common Stock"
CXII,Churchill Capital Corp XII - Class A Ordinary Shares
CXIIU,Churchill Capital Corp XII - Units
CXIIW,Churchill Capital Corp XII - Warrants
CYCN,"Cyclerion Therapeutics, Inc. - Common Stock"
CYCU,"Cycurion, Inc. - Common Stock"
CYCUW,"Cycurion, Inc. - Warrants"
CYN,Cyngn Inc. - Common stock
CYPH,Cypherpunk Technologies Inc. - Common Stock
CYRX,"CryoPort, Inc. - Common Stock"
CYTK,"Cytokinetics, Incorporated - Common Stock"
CZFS,"Citizens Financial Services, Inc. - Common Stock"
CZNC,Citizens & Northern Corp - Common Stock
CZR,"Caesars Entertainment, Inc. - Common Stock"
CZWI,"Citizens Community Bancorp, Inc. - Common Stock"
DAAQ,Digital Asset Acquisition Corp. - Class A Ordinary shares
DAAQU,Digital Asset Acquisition Corp. - Units
DAAQW,Digital Asset Acquisition Corp. - Warrant
DAIO,Data I/O Corporation - Common Stock
DAKT,"Daktronics, Inc. - Common Stock"
DARE,"Dare Bioscience, Inc. - Common Stock"
DASH,"DoorDash, Inc. - Common Stock"
DAVE,Dave Inc.  - Class A Common Stock
DAVEW,Dave Inc.  - Warrants
DBCA,D. Boral Acquisition I Corp. - Class A Ordinary Shares
DBCAU,D. Boral Acquisition I Corp. - Unit
DBCAW,D. Boral Acquisition I Corp. - Warrants
DBGI,"Digital Brands Group, Inc. - Common Stock"
DBVT,DBV Technologies S.A. - American Depositary Shares
DBX,"Dropbox, Inc. - Class A Common Stock"
DCBO,Docebo Inc. - Common Shares
DCOY,Decoy Therapeutics Inc. - Common Stock
DCTH,"Delcath Systems, Inc. - Common Stock"
DCX,Digital Currency X Technology Inc. - Class A Ordinary Shares
DDI,"DoubleDown Interactive Co., Ltd. - American Depository Shares"
DDOG,"Datadog, Inc. - Class A Common Stock"
DERM,Journey Medical Corporation - Common Stock
DETX,"Liberty Defense Holdings, Ltd. - Common Shares"
DFDV,DeFi Development Corp. - Common Stock
DFDVW,DeFi Development Corp. - Warrant
DFLI,Dragonfly Energy Holdings Corp - Common Stock
DFLIW,Dragonfly Energy Holdings Corp - Warrant
DFNSW,T3 Defense Inc. - Warrants
DFSC,"DEFSEC Technologies Inc. - common stock, no R/S concurrent with offering"
DFSCW,DEFSEC Technologies Inc. - warrant
DFTX,"Definium Therapeutics, Inc.  - Common Shares"
DGICA,"Donegal Group, Inc. - Class A Common Stock"
DGICB,"Donegal Group, Inc. - Class B Common Stock"
DGII,Digi International Inc. - Common Stock
DGXX,Digi Power X Inc. - Common Subordinate Voting Shares
DHC,Diversified Healthcare Trust  - Common Shares of Beneficial Interest
DHCNI,Diversified Healthcare Trust  - 5.625% Senior Notes due 2042
DHCNL,Diversified Healthcare Trust  - 6.25% Senior Notes Due 2046
DIBS,"1stdibs.com, Inc. - Common Stock"
DIOD,Diodes Incorporated - Common Stock
DJCO,Daily Journal Corp. (S.C.) - Common Stock
DJT,Trump Media & Technology Group Corp. - Common Stock
DJTWW,Trump Media & Technology Group Corp. - Warrants
DKI,DarkIris Inc. - Class A Ordinary Shares
DKNG,DraftKings Inc. - Class A Common Stock
DLHC,DLH Holdings Corp. - Common Stock
DLO,DLocal Limited - Class A Common Shares
DLPN,"Dolphin Entertainment, Inc. - Common Stock"
DLTH,Duluth Holdings Inc. - Class B Common Stock
DLTR,"Dollar Tree, Inc. - Common Stock"
DMAA,Drugs Made In America Acquisition Corp. - Ordinary Shares
DMAAR,Drugs Made In America Acquisition Corp. - Rights
DMAAU,Drugs Made In America Acquisition Corp. - Units
DMAC,DiaMedica Therapeutics Inc. - Common Stock
DMII,Drugs Made In America Acquisition II Corp. - Ordinary Shares
DMIIR,Drugs Made In America Acquisition II Corp. - Right
DMIIU,Drugs Made In America Acquisition II Corp. - Unit
DMLP,"Dorchester Minerals, L.P. - Common Units Representing Limited Partnership Interests"
DMRA,"Damora Therapeutics, Inc. - Common Stock"
DMRC,Digimarc Corporation - Common Stock
DNLI,Denali Therapeutics Inc. - Common Stock
DNMX,Dynamix Corporation III - Class A Ordinary Shares
DNMXU,Dynamix Corporation III - Unit
DNMXW,Dynamix Corporation III - Warrants
DNTH,"Dianthus Therapeutics, Inc. - Common Stock"
DNUT,"Krispy Kreme, Inc. - Common Stock"
DOCU,"DocuSign, Inc. - Common Stock"
DOGZ,Dogness (International) Corporation - Class A Common Stock
DOMH,Dominari Holdings Inc. - Common Stock
DOMO,"Domo, Inc. - Class B Common Stock"
DOO,BRP Inc. - Common Subordinate Voting Shares
DORM,"Dorman Products, Inc. - Common Stock"
DOX,Amdocs Limited - Ordinary Shares
DOYU,DouYu International Holdings Limited - American Depositary Shares
DPRO,Draganfly Inc. - Common Shares
DPZ,Domino's Pizza Inc - Common Stock
DRDB,Roman DBDR Acquisition Corp. II - Ordinary shares
DRDBU,Roman DBDR Acquisition Corp. II - Unit
DRDBW,Roman DBDR Acquisition Corp. II - Warrants
DRH,Diamondrock Hospitality Company - Common Stock
DRIO,DarioHealth Corp. - Common Stock
DRMA,"Dermata Therapeutics, Inc. - Common Stock"
DRMAW,"Dermata Therapeutics, Inc. - Warrant"
DRS,"Leonardo DRS, Inc. - Common Stock"
DRTS,Alpha Tau Medical Ltd. - Ordinary Shares
DRTSW,Alpha Tau Medical Ltd. - Warrant
DRUG,Bright Minds Biosciences Inc. - common stock
DRVN,Driven Brands Holdings Inc. - Common Stock
DSAC,Daedalus Special Acquisition Corp. - Class A Ordinary Shares
DSACU,Daedalus Special Acquisition Corp. - Unit
DSACW,Daedalus Special Acquisition Corp. - Warrant
DSC,DSC Holdings Ltd. - American Depositary Shares
DSGN,"Design Therapeutics, Inc. - Common Stock"
DSGR,"Distribution Solutions Group, Inc. - Common Stock"
DSGX,The Descartes Systems Group Inc. - Common Stock
DSP,Viant Technology Inc. - common stock
DSWL,"Deswell Industries, Inc. - Common Shares"
DSY,Big Tree Cloud Holdings Limited - Class A Ordinary Shares
DSYWW,Big Tree Cloud Holdings Limited - Warrants
DTCX,"Datacentrex, Inc. - Common Stock"
DTI,Drilling Tools International Corporation  - Common Stock
DTIL,"Precision BioSciences, Inc. - Common Stock"
DTST,Data Storage Corporation - Common Stock
DUKR,DUKE Robotics Corp. - Common Stock
DUKRW,DUKE Robotics Corp. - Warrant
DUO,Fangdd Network Group Ltd. - Class A Ordinary Shares
DUOL,"Duolingo, Inc. - Class A Common Stock"
DUOT,"Duos Technologies Group, Inc. - Common Stock"
DWSN,Dawson Geophysical Company - Common Stock
DWTX,"Dogwood Therapeutics, Inc.  - Common Stock"
DXCM,"DexCom, Inc. - Common Stock"
DXPE,"DXP Enterprises, Inc. - Common Stock"
DXR,Daxor Corporation - Closed End Fund
DXST,Decent Holding Inc. - Class A Ordinary Shares
DYN,"Dyne Therapeutics, Inc. - Common Stock"
DYNC,Dynamix Corporation - Class A Ordinary Share
DYNCU,Dynamix Corporation - Unit
DYNCW,Dynamix Corporation - Warrant
DYOR,Insight Digital Partners II - Class A Ordinary Shares
DYORU,Insight Digital Partners II - Units
DYORW,Insight Digital Partners II - Warrants
EA,Electronic Arts Inc. - Common Stock
EBAY,eBay Inc. - Common Stock
EBC,"Eastern Bankshares, Inc. - Common Stock"
EBMT,"Eagle Bancorp Montana, Inc. - Common Stock"
EBON,Ebang International Holdings Inc. - Class A Ordinary Shares
ECBK,"ECB Bancorp, Inc. - Common Stock"
ECHO,EchoStar Corporation - Common stock
ECOR,"electroCore, Inc. - Common Stock"
ECPG,Encore Capital Group Inc - Common Stock
ECX,ECARX Holdings Inc. - Class A Ordinary shares
ECXWW,ECARX Holdings Inc. - Warrants
EDBLW,Edible Garden AG Incorporated - Warrant
EDHL,Everbright Digital Holding Limited - Ordinary Shares
EDIT,"Editas Medicine, Inc. - Common Stock"
EDRY,EuroDry Ltd. - Common Shares
EDSA,"Edesa Biotech, Inc. - Common Shares"
EDTK,Skillful Craftsman Education Technology Limited - Ordinary Share
EDUC,Educational Development Corporation - Common Stock
EEFT,"Euronet Worldwide, Inc. - Common Stock"
EEIQ,EpicQuest Education Group International Limited - Common Stock
EFOI,"Energy Focus, Inc. - Common Stock"
EFSC,Enterprise Financial Services Corporation - Common Stock
EFSCP,"Enterprise Financial Services Corporation - Depositary Shares Each Representing a 1/40th Interest in a Share of 5% Fixed Rate Non-Cumulative Perpetual Preferred Stock, Series A"
EFSI,Eagle Financial Services Inc - Common Stock
EFTY,"Etoiles Capital Group Co., Ltd. - Class A Ordinary Shares"
EGAN,eGain Corporation - Common Stock
EGBN,"Eagle Bancorp, Inc. - Common Stock"
EGHA,EGH Acquisition Corp. - Class A ordinary shares
EGHAR,EGH Acquisition Corp. - rights
EGHAU,EGH Acquisition Corp. - Unit
EGHT,8x8 Inc - Common stock
EH,EHang Holdings Limited - ADS
EHGO,Eshallgo Inc. - Class A Ordinary Shares
EHLD,Euroholdings Ltd. - Common Stock
EHTH,"eHealth, Inc. - Common Stock"
EIKN,"Eikon Therapeutics, Inc. - Common Stock"
ELAB,PMGC Holdings Inc. - Common Stock
ELDN,"Eledon Pharmaceuticals, Inc. - Common Stock"
ELE,Elemental Royalty Corporation - Common Stock
ELMT,The Elmet Group Co. - Common Stock
ELOG,Eastern International Ltd. - Ordinary Shares
ELOX,"Eloxx Pharmaceuticals, Inc. - Common Stock"
ELPW,Elong Power Holding Limited - Class A Ordinary Shares
ELSE,"Electro-Sensors, Inc. - Common Stock"
ELTK,Eltek Ltd. - Ordinary Shares
ELTX,"Elicio Therapeutics, Inc. - Common Stock"
ELUT,"Elutia, Inc. - Class A Common Stock"
ELVA,Electrovaya Inc. - Common Shares
ELVN,"Enliven Therapeutics, Inc.  - Common Stock"
ELVR,Elevra Lithium Limited - American Depository Shares
ELWT,"Elauwit Connection, Inc. - Common Stock"
EMAT,Evolution Metals & Technologies Corp. - Common Stock
EMBC,Embecta Corp. - Common Stock
EMIS,Emmis Acquisition Corp. - Class A Ordinary Share
EMISR,Emmis Acquisition Corp. - Rights
EML,Eastern Company (The) - Common Stock
EMPD,Empery Digital Inc. - Common stock
ENGN,enGene Therapeutics Inc. - Common Stock
ENGNW,enGene Therapeutics Inc. - Warrants
ENGS,Energys Group Limited - Ordinary Shares
ENLT,Enlight Renewable Energy Ltd. - Ordinary Shares
ENPH,"Enphase Energy, Inc. - Common Stock"
ENRD,Einride AB - American Depositary Shares
ENRDW,Einride AB - Warrants
ENSG,"The Ensign Group, Inc. - Common Stock"
ENTA,"Enanta Pharmaceuticals, Inc. - Common Stock"
ENTG,"Entegris, Inc. - Common Stock"
ENTX,Entera Bio Ltd. - Ordinary Shares
ENVB,"Enveric Biosciences, Inc.  - Common Stock"
ENVX,Enovix Corporation - Common Stock
EOLS,"Evolus, Inc. - Common Stock"
EOSE,"Eos Energy Enterprises, Inc. - Common Stock"
EPRX,Eupraxia Pharmaceuticals Inc. - Common Stock
EPSM,Epsium Enterprise Limited - Class A Ordinary Shares
EPSN,Epsilon Energy Ltd. - Common Shares
EQ,"Equillium, Inc. - Common Stock"
EQIX,"Equinix, Inc. - Common Stock"
EQPT,EquipmentShare.com Inc - Class A Common Stock
ERAS,"Erasca, Inc. - Common Stock"
ERIC,Ericsson - American Depositary Shares each representing 1 underlying Class B share
ERIE,Erie Indemnity Company - Class A Common Stock
ERII,"Energy Recovery, Inc. - Common Stock"
ERNA,Ernexa Therapeutics Inc. - Common Stock
ERNAW,Ernexa Therapeutics Inc. - Warrants
ESCA,"Escalade, Incorporated - Common Stock"
ESEA,Euroseas Ltd. - Common Stock
ESLT,Elbit Systems Ltd. - Ordinary Shares
ESOA,Energy Services of America Corporation - Common Stock
ESPR,"Esperion Therapeutics, Inc. - Common Stock"
ESQ,"Esquire Financial Holdings, Inc. - Common Stock"
ESTA,Establishment Labs Holdings Inc. - Common Shares
ETON,"Eton Pharmaceuticals, Inc. - Common Stock"
ETOR,eToro Group Ltd. - Class A Common Shares
EU,enCore Energy Corp. - Common Stock
EUDA,Euda Health Holdings Limited - Ordinary Shares
EUDAW,Euda Health Holdings Limited - Warrant
EURKR,Eureka Acquisition Corp - Right
EURKU,Eureka Acquisition Corp - Unit
EVAX,Evaxion A/S - American Depositary Share
EVCM,EverCommerce Inc. - Common Stock
EVER,"EverQuote, Inc. - Class A Common Stock"
EVGO,EVgo Inc. - Common Stock
EVLV,"Evolv Technologies Holdings, Inc. - Class A Common Stock"
EVLVW,"Evolv Technologies Holdings, Inc. - Warrant"
EVO,Evotec SE - American Depositary Shares each representing 1/2 of one ordinary share
EVOX,Evolution Global Acquisition Corp - Class A Ordinary Shares
EVOXU,Evolution Global Acquisition Corp - Units
EVOXW,Evolution Global Acquisition Corp - Warrants
EVRG,"Evergy, Inc. - Common Stock"
EWBC,"East West Bancorp, Inc. - Common Stock"
EWTX,"Edgewise Therapeutics, Inc. - Common Stock"
EXC,Exelon Corporation - Common Stock
EXE,Expand Energy Corporation - Common Stock
EXEL,"Exelixis, Inc. - Common Stock"
EXFY,"Expensify, Inc. - Class A Common Stock"
EXLS,"ExlService Holdings, Inc. - Common Stock"
EXOZ,eXoZymes Inc. - Common Stock
EXPE,"Expedia Group, Inc. - Common Stock"
EXPO,"Exponent, Inc. - Common Stock"
EXTR,"Extreme Networks, Inc. - Common Stock"
EXYN,"Exyn Technologies, Inc. - Common Stock"
EXYNW,"Exyn Technologies, Inc. - Warrant"
EYE,"National Vision Holdings, Inc. - Common Stock"
EYPT,"EyePoint, Inc. - Common Stock"
EZGO,EZGO Technologies Ltd. - Ordinary Shares
EZPW,"EZCORP, Inc. - Class A Non-Voting Common Stock"
EZRA,"Reliance Global Group, Inc. - Common Stock"
FA,First Advantage Corporation - Common Stock
FABC,"Fabric.AI, Inc. - Common Stock"
FAC,Factorial Energy Inc. - Class A Common Stock
FACT,FACT II Acquisition Corp. - Class A Ordinary Shares
FACTU,FACT II Acquisition Corp. - Unit
FACTW,FACT II Acquisition Corp. - Warrant
FACWW,Factorial Energy Inc. - Warrant
FAMI,"Farmmi, Inc. - Class A Ordinary Shares"
FANG,"Diamondback Energy, Inc. - Common Stock"
FAST,Fastenal Company - Common Stock
FATE,"Fate Therapeutics, Inc. - Common Stock"
FATN,"FatPipe, Inc. - common stock"
FBIO,"Fortress Biotech, Inc. - Common Stock"
FBIOP,"Fortress Biotech, Inc. - 9.375% Series A Cumulative Redeemable Perpetual Preferred Stock"
FBIZ,"First Business Financial Services, Inc. - Common Stock"
FBLA,"FB Bancorp, Inc. - Common Stock"
FBLG,"FibroBiologics, Inc. - Common Stock"
FBNC,First Bancorp - Common Stock
FBRX,"Forte Biosciences, Inc.  - Common Stock"
FBYD,"Falcon's Beyond Global, Inc. - Class A Common Stock"
FBYDP,"Falcon's Beyond Global, Inc. - 11% Series B Cumulative Convertible Preferred Stock"
FBYDW,"Falcon's Beyond Global, Inc. - Warrants"
FCAP,"First Capital, Inc. - Common Stock"
FCBC,"First Community Bankshares, Inc. - Common Stock"
FCCO,First Community Corporation - Common Stock
FCEL,"FuelCell Energy, Inc. - Common Stock"
FCFS,"FirstCash Holdings, Inc. - Common Stock"
FCNCA,"First Citizens BancShares, Inc. - Class A Common Stock"
FCNCN,"First Citizens BancShares, Inc. - Depositary Shares, each representing a 1/40th interest in a share of 6.625% Non-Cumulative Perpetual Preferred Stock, Series E"
FCNCO,"First Citizens BancShares, Inc. - 5.625% Non-Cumulative Perpetual Preferred Stock, Series C"
FCNCP,"First Citizens BancShares, Inc. - Depositary Shares Each Representing a 1/40th Interest in a Share of 5.375% Non-Cumulative Perpetual Preferred Stock, Series A"
FCUV,Focus Universal Inc. - Common Stock
FDBC,"Fidelity D & D Bancorp, Inc. - Common Stock"
FDMT,"4D Molecular Therapeutics, Inc. - Common Stock"
FDSB,"Fifth District Bancorp, Inc. - Common Stock"
FDUS,Fidus Investment Corporation - Closed End Fund
FEAM,"5E Advanced Materials, Inc. - Common Stock"
FEBO,Fenbo Holdings Limited - Class A Ordinary Shares
FEED,"ENvue Medical, Inc. - Common Stock"
FEIM,"Frequency Electronics, Inc. - Common Stock"
FELE,"Franklin Electric Co., Inc. - Common Stock"
FEMY,Femasys Inc. - Common Stock
FENC,Fennec Pharmaceuticals Inc. - Common Stock
FER,Ferrovial N.V. - Ordinary Shares
FERA,Fifth Era Acquisition Corp I - Class A Ordinary Shares
FERAR,Fifth Era Acquisition Corp I - Rights
FERAU,Fifth Era Acquisition Corp I - Units
FFAIW,Faraday Future Intelligent Electric Inc. - Warrant
FFBC,First Financial Bancorp. - Common Stock
FFIN,"First Financial Bankshares, Inc. - Common Stock"
FFIV,"F5, Inc. - Common Stock"
FGBI,"First Guaranty Bancshares, Inc. - Common Stock"
FGBIP,"First Guaranty Bancshares, Inc. - 6.75% Series A Fixed-Rate Non-Cumulative Perpetual Preferred Stock"
FGI,FGI Industries Ltd. - Ordinary Shares
FGII,FG Imperii Acquisition Corp. - Class A Ordinary Shares
FGIIU,FG Imperii Acquisition Corp. - Units
FGIIW,FG Imperii Acquisition Corp. - Warrants
FGIWW,FGI Industries Ltd. - warrant
FGL,Founder Group Limited - Class A Ordinary Shares
FGMC,FG Merger II Corp. - Common stock
FGMCR,FG Merger II Corp. - Rights
FGMCU,FG Merger II Corp. - Unit
FGNX,FG Nexus Inc. - Common Stock
FGNXP,FG Nexus Inc. - 8.00% Cumulative Series A Preferred Stock
FHB,"First Hawaiian, Inc. - Common Stock"
FHTX,Foghorn Therapeutics Inc. - Common Stock
FIBK,"First Interstate BancSystem, Inc. - Common Stock"
FIEE,"FiEE, Inc - Common Stock"
FIGR,"Figure Technology Solutions, Inc. - Class A Common Stock"
FIGX,FIGX Capital Acquisition Corp. - Class A ordinary share
FIGXU,FIGX Capital Acquisition Corp. - Units
FIGXW,FIGX Capital Acquisition Corp. - one-half of one redeemable warrant.
FINW,FinWise Bancorp - Common Stock
FIP,FTAI Infrastructure Inc. - Common Stock
FISI,"Financial Institutions, Inc. - Common Stock"
FISN,"Deep Fission, Inc. - Common Stock"
FISV,"Fiserv, Inc. - Common Stock"
FIVE,"Five Below, Inc. - Common Stock"
FIVN,"Five9, Inc. - Common Stock"
FIZZ,National Beverage Corp. - Common Stock
FKWL,Franklin Wireless Corp. - common stock
FLD,"Fold Holdings, Inc. - Class A Common Stock"
FLDDW,"Fold Holdings, Inc. - Warrant"
FLEX,Flex Ltd. - Ordinary Shares
FLGT,"Fulgent Genetics, Inc. - Common Stock"
FLL,"Full House Resorts, Inc. - Common Stock"
FLNA,"Filana Therapeutics, Inc. - Common Stock"
FLNC,"Fluence Energy, Inc. - Class A Common Stock"
FLNT,"Fluent, Inc. - Common Stock"
FLUX,"Flux Power Holdings, Inc. - Common Stock"
FLWS,"1-800-FLOWERS.COM, Inc. - Class A Common Stock"
FLX,BingEx Limited - American Depositary Shares
FLXS,"Flexsteel Industries, Inc. - Common Stock"
FLY,Firefly Aerospace Inc. - Common Stock
FLYE,"Fly-E Group, Inc. - Common Stock"
FLYW,Flywire Corporation - Voting Common Stock
FLZH,"Flash Sports & Media Holdings, Inc. - Common Stock"
FMAC,Future Money Acquisition Corporation - Ordinary Shares
FMACR,Future Money Acquisition Corporation - Rights
FMACU,Future Money Acquisition Corporation - Units
FMAO,"Farmers & Merchants Bancorp, Inc. - Common Stock"
FMBH,"First Mid Bancshares, Inc. - Common Stock"
FMNB,Farmers National Banc Corp. - Common Stock
FMST,Foremost Clean Energy Ltd. - Common Shares
FMSTW,Foremost Clean Energy Ltd. - Warrant
FNGR,"FingerMotion, Inc. - common stock"
FNKO,"Funko, Inc. - Class A Common Stock"
FNLC,"First Bancorp, Inc (ME) - Common Stock"
FNRN,First Northern Community Bancorp - Common stock
FNUC,Frontier Nuclear and Minerals Inc. - Common Shares
FNWB,First Northwest Bancorp - Common Stock
FNWD,Finward Bancorp - common stock
FOCL,"EDAP TMS S.A. - American Depositary Shares, each representing One Ordinary Share"
FOFO,"Hang Feng Technology Innovation Co., Ltd. - Ordinary Shares"
FORM,"FormFactor, Inc. - Common Stock"
FORR,"Forrester Research, Inc. - Common Stock"
FORTY,Formula Systems (1985) Ltd. - American Depositary Shares
FOSL,"Fossil Group, Inc. - Common Stock"
FOX,Fox Corporation - Class B Common Stock
FOXA,Fox Corporation - Class A Common Stock
FOXF,Fox Factory Holding Corp. - Common Stock
FOXX,Foxx Development Holdings Inc. - Common Stock
FOXXW,Foxx Development Holdings Inc. - Warrant
FRAF,Franklin Financial Services Corporation - Common Stock
FRBA,First Bank  - Common Stock
FRBT,"Forbright, Inc. - Class A Common Stock"
FRD,Friedman Industries Inc. - Common Stock
FRGT,"Freight Technologies, Inc. - Ordinary Shares"
FRHC,Freedom Holding Corp. - Common Stock
FRME,First Merchants Corporation - Common Stock
FRMEP,"First Merchants Corporation - Depository Shares, each representing a 1/100th interest in a share of 7.50% Non-Cumulative Perpetual Preferred Stock, A"
FRMI,Fermi Inc. - Common Stock
FRMM,"Forum Markets, Incorporated - Common Stock"
FROG,JFrog Ltd. - Ordinary shares
FRPH,"FRP Holdings, Inc. - Common Stock"
FRPT,"Freshpet, Inc. - Common Stock"
FRSH,Freshworks Inc. - Class A Common Stock
FRST,Primis Financial Corp. - Common Stock
FRSX,Foresight Autonomous Holdings Ltd. - American Depositary Shares
FRTT,Fort Technology Inc. - Common Shares
FRVO,Fervo Energy Company - Class A common stock
FSBC,Five Star Bancorp - Common Stock
FSBW,"FS Bancorp, Inc. - Common Stock"
FSEA,"First Seacoast Bancorp, Inc. - Common Stock"
FSHP,Flag Ship Acquisition Corp. - Ordinary Shares
FSHPR,Flag Ship Acquisition Corp. - Right
FSHPU,Flag Ship Acquisition Corp. - Unit
FSLR,"First Solar, Inc. - Common Stock"
FSLY,"Fastly, Inc. - Class A Common Stock"
FSTR,L.B. Foster Company - Common Stock
FSUN,FirstSun Capital Bancorp - Common Stock
FSV,FirstService Corporation - Common Shares
FTAI,FTAI Aviation Ltd. - Common Stock
FTAIM,FTAI Aviation Ltd. - 9.500% Fixed-Rate Reset Series D Cumulative Perpetual Redeemable Preferred Shares
FTCI,"FTC Solar, Inc. - Common Stock"
FTDR,"Frontdoor, Inc. - Common Stock"
FTEK,"Fuel Tech, Inc. - Common Stock"
FTFT,Future FinTech Group Inc. - Common Stock
FTH,"Faeth Therapeutics, Inc.  - Common Stock"
FTHA,Forefront Tech Holdings Acquisition Corp - Class A Ordinary Shares
FTHAU,Forefront Tech Holdings Acquisition Corp - Unit
FTHAW,Forefront Tech Holdings Acquisition Corp - Warrant
FTLF,"FitLife Brands, Inc. - Common Stock"
FTNT,"Fortinet, Inc. - Common Stock"
FTRE,Fortrea Holdings Inc. - Common Stock
FUFU,BitFuFu Inc. - Class A Ordinary Shares
FUFUW,BitFuFu Inc. - Warrant
FULC,"Fulcrum Therapeutics, Inc. - Common Stock"
FULT,Fulton Financial Corporation - Common Stock
FULTP,"Fulton Financial Corporation - Depositary Shares Each Representing a 1/40th Interest in a Share of Fixed Rate Non-Cumulative Perpetual Preferred Stock, Series A"
FUNC,First United Corporation - Common Stock
FUND,"Sprott Focus Trust, Inc. - Closed End Fund"
FUSB,"First US Bancshares, Inc. - Common Stock"
FUSEW,Fusemachines Inc. - Warrants
FUTU,Futu Holdings Limited - American Depositary Shares
FVAV,Fortress Value Acquisition Corp. V - Class A Ordinary Shares
FVCB,"FVCBankcorp, Inc. - Common Stock"
FVNNR,Future Vision II Acquisition Corporation - Right
FVNNU,Future Vision II Acquisition Corporation - Units
FWACU,Futurewave Acquisition Corporation - Units
FWDI,"Forward Industries, Inc. - Common Stock"
FWONA,Liberty Media Corporation - Series A Liberty Formula One Common Stock
FWONK,Liberty Media Corporation - Series C Liberty Formula One Common Stock
FWRD,Forward Air Corporation - Common Stock
FWRG,"First Watch Restaurant Group, Inc. - Common Stock"
FXACU,FortuneX Acquisition Corporation - Units
FXHO,UTime Limited - Class A Ordinary Shares
FXNC,First National Corporation - Common Stock
GABC,"German American Bancorp, Inc. - Common Stock"
GAIA,"Gaia, Inc. - Class A Common Stock"
GAIN,Gladstone Investment Corporation - Business Development Company
GAING,Gladstone Investment Corporation - 7.125% Notes due 2031
GAINI,Gladstone Investment Corporation - 7.875% Notes due 2030
GAINZ,Gladstone Investment Corporation - 4.875% Notes due 2028
GALT,Galectin Therapeutics Inc. - Common Stock
GAMB,Gambling.com Group Limited - Ordinary Shares
GANX,"Gain Therapeutics, Inc. - Common Stock"
GASS,"StealthGas, Inc. - common stock"
GBDC,"Golub Capital BDC, Inc. - Closed End Fund"
GBFH,GBank Financial Holdings Inc. - Common Stock
GBLI,"Global Indemnity Group, LLC - Class A Common Shares"
GCBC,"Greene County Bancorp, Inc. - Common Stock"
GCGR,General Catalyst Global Resilience Merger Corp. - Class A Ordinary Shares
GCGRU,General Catalyst Global Resilience Merger Corp. - Units
GCGRW,General Catalyst Global Resilience Merger Corp. - Warrants
GCLWW,GCL Global Holdings Ltd - Warrants
GCMG,GCM Grosvenor Inc. - Class A Common Stock
GCT,GigaCloud Technology Inc - Class A Ordinary Shares
GDEV,GDEV Inc. - Ordinary Shares
GDEVW,GDEV Inc. - Warrant
GDHG,Golden Heaven Group Holdings Ltd.  - Class A Ordinary Shares
GDRX,"GoodRx Holdings, Inc. - Class A Common Stock"
GDS,GDS Holdings Limited - American Depositary Shares
GDTC,CytoMed Therapeutics Limited - Ordinary Shares
GDYN,"Grid Dynamics Holdings, Inc. - Class A Common Stock"
GECC,Great Elm Capital Corp. - Closed End Fund
GECCG,Great Elm Capital Corp. - 7.75% Notes Due 2030
GECCH,Great Elm Capital Corp. - 8.125% Notes Due 2029
GECCI,Great Elm Capital Corp. - 8.50% NOTES DUE 2029
GEG,"Great Elm Group, Inc.  - Common Stock"
GEGGL,"Great Elm Group, Inc.  - 7.25% Notes due 2027"
GEHC,GE HealthCare Technologies Inc. - Common Stock
GEMI,"Gemini Space Station, Inc. - Class A Common Stock"
GEN,Gen Digital Inc. - Common Stock
GENB,"Generate Biomedicines, Inc. - Common Stock"
GENK,"GEN Restaurant Group, Inc. - Class A Common Stock"
GENVR,Gen Digital Inc. - Contingent Value Rights
GEOS,Geospace Technologies Corporation - Common Stock
GERN,Geron Corporation - Common Stock
GEVO,"Gevo, Inc. - Common Stock"
GFAIW,"Guardforce AI Co., Limited - Warrant"
GFS,GlobalFoundries Inc. - Ordinary Share
GGAL,"Grupo Financiero Galicia S.A. - American Depositary Shares, Class B Shares underlying"
GGR,Gogoro Inc. - Ordinary Shares
GGROW,Gogoro Inc. - Warrant
GH,"Guardant Health, Inc. - Common Stock"
GHRS,GH Research PLC - Ordinary Shares
GHXIU,"Gores Holdings XI, Inc. - Units"
GIBO,GIBO Holdings Limited - Class A Ordinary Shares
GIBOW,GIBO Holdings Limited - Warrants
GIFT,"Giftify, Inc. - Common Stock"
GIGM,GigaMedia Limited - Ordinary Shares
GIII,"G-III Apparel Group, LTD. - Common Stock"
GILD,"Gilead Sciences, Inc. - Common Stock"
GILT,Gilat Satellite Networks Ltd. - Ordinary Shares
GITS,"Global Interactive Technologies, Inc. Common Stock - Common Stock"
GIW,GigCapital8 Corp. - Class A Ordinary Shares
GIWWR,GigCapital8 Corp. - Rights
GIWWU,GigCapital8 Corp. - Units
GIX,GigCapital9 Corp. - Class A Ordinary Share
GIXXR,GigCapital9 Corp. - Rights
GIXXU,GigCapital9 Corp. - Units
GLAD,Gladstone Capital Corporation - Closed End Fund
GLBE,Global-E Online Ltd. - ordinary shares
GLBS,Globus Maritime Limited - Common Stock
GLIBA,Liberty Capital Corporation - Series A GCI Group Common Stock
GLIBK,Liberty Capital Corporation - Series C GCI Group Common Stock
GLND,Greenland Energy Company - Common Stock
GLNDW,Greenland Energy Company - Warrant
GLNG,Golar LNG Limited - Common Shares
GLOO,"Gloo Holdings, Inc. - Common Stock"
GLPI,"Gaming and Leisure Properties, Inc. - Common Stock"
GLRE,"Greenlight Reinsurance, Ltd. - Class A Ordinary Shares"
GLSI,"Greenwich LifeSciences, Inc. - Common stock"
GLUE,"Monte Rosa Therapeutics, Inc. - Common Stock"
GLXG,Galaxy Payroll Group Limited - Class A Ordinary Shares
GLXY,Galaxy Digital Inc. - Class A common stock
GMAB,Genmab A/S - American Depositary Shares
GMEX,GMEX ROBOTICS CORPORATION - Class A Ordinary Shares
GMHS,Gamehaus Holdings Inc. - Class A Ordinary Shares
GMM,Global Mofy AI Limited  - Class A Ordinary Shares
GNLN,"Greenlane Holdings, Inc. - Class A Common Stock"
GNLX,Genelux Corporation - Common Stock
GNSS,Genasys Inc. - Common Stock
GNTA,Genenta Science S.p.A. - American Depositary Shares
GNTX,Gentex Corporation - Common Stock
GO,Grocery Outlet Holding Corp. - Common Stock
GOAI,Eva Live Inc. - Common Stock
GOGO,Gogo Inc. - Common Stock
GOOD,Gladstone Commercial Corporation - Real Estate Investment Trust
GOODN,Gladstone Commercial Corporation - 6.625% Series E Cumulative Redeemable Preferred Stock
GOODO,"Gladstone Commercial Corporation - 6.00% Series G Cumulative Redeemable Preferred Stock, par value $0.001 per share"
GOOG,Alphabet Inc. - Class C Capital Stock
GOOGL,Alphabet Inc. - Class A Common Stock
GOOGM,Alphabet Inc. - Depositary Shares representing a 1/20th Interest in a Share of Series A Mandatory Convertible Preferred Stock
GOOGN,Alphabet Inc. - Depositary Shares representing a 1/20th Interest in a Share of Series B Mandatory Convertible Preferred Stock
GP,GreenPower Motor Company Inc. - Common Shares
GPAC,General Purpose Acquisition Corp. - Class A Ordinary Shares
GPACU,General Purpose Acquisition Corp. - Units
GPACW,General Purpose Acquisition Corp. - Warrant
GPAT,GP-Act III Acquisition Corp. - Class A Ordinary Share
GPATU,GP-Act III Acquisition Corp. - Units
GPATW,GP-Act III Acquisition Corp. - Warrants
GPCR,Structure Therapeutics Inc. - American Depositary Shares
GPRE,"Green Plains, Inc. - Common Stock"
GPRO,"GoPro, Inc. - Class A Common Stock"
GRAB,Grab Holdings Limited - Class A Ordinary Shares
GRABW,Grab Holdings Limited - Warrant
GRAL,"GRAIL, Inc. - Common Stock"
GRAN,Grande Group Limited - Class A Ordinary Shares
GRCE,"Grace Therapeutics, Inc. - Common Stock"
GRDX,GridAI Technologies Corp.  - Common Stock
GRFS,"Grifols, S.A. - American Depositary Shares"
GRI,"GRI Bio, Inc. - Common Stock"
GRMLW,Greenland Mines Ltd - Warrants
GRNQ,Greenpro Capital Corp. - Common Stock
GROW,"U.S. Global Investors, Inc. - Class A Common Stock"
GRPN,"Groupon, Inc. - Common Stock"
GRRR,Gorilla Technology Group Inc. - Ordinary shares
GRRRW,Gorilla Technology Group Inc. - Warrant
GRVY,"GRAVITY Co., Ltd. - American depositary shares, each representing one common share."
GRWG,GrowGeneration Corp. - Common Stock
GSAT,"Globalstar, Inc. - Common Stock"
GSBC,"Great Southern Bancorp, Inc. - Common Stock"
GSHD,"Goosehead Insurance, Inc. - Class A Common Stock"
GSHR,Gesher Acquisition Corp. II - Class A Ordinary Shares
GSHRU,Gesher Acquisition Corp. II - Units
GSHRW,Gesher Acquisition Corp. II - Warrants
GSIT,"GSI Technology, Inc. - Common Stock"
GSIW,Garden Stage Limited - Class A Ordinary Shares
GSM,Ferroglobe PLC - Ordinary Shares
GSRF,GSR IV Acquisition Corp. - Class A ordinary share
GSRFR,GSR IV Acquisition Corp. - Rights
GSRFU,GSR IV Acquisition Corp. - Units
GSRVU,GSR V Acquisition Corp. - Units
GT,The Goodyear Tire & Rubber Company - Common Stock
GTEN,"Gores Holdings X, Inc. - Class A ordinary shares"
GTENU,"Gores Holdings X, Inc. - Units"
GTENW,"Gores Holdings X, Inc. - Warrants"
GTERA,Globa Terra Acquisition Corporation - Class A Ordinary Shares
GTERR,Globa Terra Acquisition Corporation - Rights
GTERU,Globa Terra Acquisition Corporation - Units
GTERW,Globa Terra Acquisition Corporation - Warrants
GTIM,Good Times Restaurants Inc. - Common Stock
GTLB,GitLab Inc. - Class A Common Stock
GTM,ZoomInfo Technologies Inc. - Common Stock
GTX,Garrett Motion Inc. - Common Stock
GUACU,Berto Acquisition Corp. II - Units
GVH,Globavend Holdings Limited - Ord Shares
GWRS,"Global Water Resources, Inc. - common stock"
GXAI,Gaxos.ai Inc. - Common Stock
GYRE,"Gyre Therapeutics, Inc. - Common Stock"
GYRO,"Gyrodyne , LLC - Common Stock"
HACQ,HCM IV Acquisition Corp. - Class A Ordinary Share
HACQU,HCM IV Acquisition Corp. - Unit
HACQW,HCM IV Acquisition Corp. - Warrants
HAFC,Hanmi Financial Corporation - Common Stock
HALO,"Halozyme Therapeutics, Inc. - Common Stock"
HAO,Haoxi Health Technology Limited - Class A Ord Share
HAPN,"Happen, Inc. - Common Stock"
HAS,"Hasbro, Inc. - Common Stock"
HAVA,Harvard Ave Acquisition Corporation - Class A Ordinary Share
HAVAR,Harvard Ave Acquisition Corporation - Rights that convert on a 1/10th of 1 basis to Class A ordinary Shares
HAVAU,Harvard Ave Acquisition Corporation - Unit
HBAN,Huntington Bancshares Incorporated - Common Stock
HBANL,"Huntington Bancshares Incorporated - Depositary Shares, Each Representing a 1/40th Interest in a Share of 6.875% Series J Non-Cumulative Perpetual Preferred Stock"
HBANM,Huntington Bancshares Incorporated - Depositary Shares each representing a 1/1000th interest in a share of Huntington Series I Preferred Stock
HBANP,Huntington Bancshares Incorporated - Depositary Shares 4.500% Series H Non-Cumulative Perpetual Preferred Stock
HBANZ,"Huntington Bancshares Incorporated - Depositary Shares, Each Representing a 1/1000th Interest in a Share of 5.50% Series L Non-Cumulative Perpetual Preferred Stock"
HBCP,"Home Bancorp, Inc. - Common Stock"
HBIO,"Harvard Bioscience, Inc. - Common Stock"
HBNB,Hotel101 Global Holdings Corp. - Class A Ordinary Shares
HBNC,"Horizon Bancorp, Inc. - Common Stock"
HBT,"HBT Financial, Inc. - Common Stock"
HCAC,Hall Chadwick Acquisition Corp. - Class A Ordinary Shares
HCACR,Hall Chadwick Acquisition Corp. - Rights
HCACU,Hall Chadwick Acquisition Corp. - Unit
HCAI,"Huachen AI Parking Management Technology Holding Co., Ltd. - Class A Ordinary Shares"
HCAT,"Health Catalyst, Inc - Common stock"
HCHL,Happy City Holdings Limited - Class A Ordinary shares
HCIC,Hennessy Capital Investment Corp. VIII - Class A Ordinary Shares
HCICR,Hennessy Capital Investment Corp. VIII - Share Rights
HCICU,Hennessy Capital Investment Corp. VIII - Units
HCKT,"The Hackett Group, Inc. - Common Stock"
HCM,HUTCHMED (China) Limited - American Depositary Shares
HCMA,HCM III Acquisition Corp. - Class A Ordinary Share
HCMAU,HCM III Acquisition Corp. - Units
HCMAW,HCM III Acquisition Corp. - Warrants
HCSG,"Healthcare Services Group, Inc. - Common Stock"
HCTI,"Healthcare Triangle, Inc. - Common Stock"
HCWB,HCW Biologics Inc. - Common Stock
HDL,SUPER HI INTERNATIONAL HOLDING LTD. - American Depositary Shares
HDRN,"Hadron Energy, Inc. - Common Stock"
HDRNW,"Hadron Energy, Inc. - Warrant"
HDSN,"Hudson Technologies, Inc. - Common Stock"
HELE,Helen of Troy Limited - Common Stock
HELP,Cybin Inc. - Common Stock
HEPS,D-Market Electronic Services & Trading - American Depositary Shares
HERE,Here Group Limited - American Depositary Shares
HERZ,"Herzfeld Credit Income Fund, Inc.  - Closed End Fund"
HFBL,"Home Federal Bancorp, Inc. of Louisiana - Common Stock"
HFFG,HF Foods Group Inc. - Common Stock
HFWA,Heritage Financial Corporation - Common Stock
HGBL,Heritage Global Inc. - Common Stock
HHS,"Harte Hanks, Inc. - Common Stock"
HIFS,Hingham Institution for Savings - Common Stock
HIMX,"Himax Technologies, Inc. - American depositary shares, each of which represents two ordinary shares."
HIND,"Vyome Holdings, Inc. - Common Stock"
HIT,"Health In Tech, Inc. - Class A Common Stock"
HITI,High Tide Inc. - Common Shares
HIVE,HIVE Digital Technologies Ltd - Common Shares
HKIT,Hitek Global Inc. - Class A Ordinary Share
HLIT,Harmonic Inc. - Common Stock
HLMN,Hillman Solutions Corp. - Common Stock
HLNE,Hamilton Lane Incorporated - Class A Common Stock
HLP,Hongli Group Inc. - Ordinary Shares
HLXC,Helix Acquisition Corp. III - Class A Ordinary Shares
HMH,HMH Holding Inc. - Common Stock
HMR,Heidmar Maritime Holdings Corp. - Common Stock
HNNA,"Hennessy Advisors, Inc. - Common Stock"
HNRG,Hallador Energy Company - Common Stock
HNST,"The Honest Company, Inc. - Common Stock"
HNVR,"Hanover Bancorp, Inc. - Common Stock"
HODO,House of Doge Inc. - Common Stock
HOFT,Hooker Furnishings Corporation - Common Stock
HOLO,MicroCloud Hologram Inc. - Ordinary Shares
HOLOW,MicroCloud Hologram Inc. - Warrant
HON,Honeywell International Inc. - Common Stock
HONA,Honeywell Aerospace Inc. - Common Stock
HOOD,"Robinhood Markets, Inc. - Class A Common Stock"
HOPE,"Hope Bancorp, Inc. - Common Stock"
HOUR,"Hour Loop, Inc. - common stock"
HOVNP,Hovnanian Enterprises Inc - Depositary Share representing 1/1000th of 7.625% Series A Preferred Stock
HOVR,New Horizon Aircraft Ltd. - Class A Ordinary Shares
HOVRW,New Horizon Aircraft Ltd. - Warrant
HPAI,Helport AI Limited - Ordinary Shares
HPAIW,Helport AI Limited - Warrants
HPK,"HighPeak Energy, Inc. - Common Stock"
HQ,Horizon Quantum Holdings Ltd. - Class A Ordinary Shares
HQI,"HireQuest, Inc. - Common Stock"
HQWWW,Horizon Quantum Holdings Ltd. - Warrant
HQY,"HealthEquity, Inc. - Common Stock"
HRMY,"Harmony Biosciences Holdings, Inc. - Common Stock"
HROW,"Harrow, Inc. - Common Stock"
HRTX,"Heron Therapeutics, Inc.   - Common Stock"
HRZN,Horizon Technology Finance Corporation - Common Stock
HSAI,"Hesai Group - American Depositary Share, each ADS represents one Class B ordinary share"
HSCS,HeartSciences Inc. - Common Stock
HSCSW,HeartSciences Inc. - Warrant
HSDT,Solana Company - Class A Common Stock
HSIC,"Henry Schein, Inc. - Common Stock"
HST,"Host Hotels & Resorts, Inc. - Common Stock"
HSTM,"HealthStream, Inc. - Common Stock"
HTCO,High-Trend International Group - Class A Ordinary Shares
HTCR,"Heartcore Enterprises, Inc. - Common Stock"
HTFL,"Heartflow, Inc. - Common Stock"
HTHT,H World Group Limited - American Depositary Shares
HTLD,"Heartland Express, Inc. - Common Stock"
HTLM,HomesToLife Ltd - Ordinary Shares
HTO,H2O America  - Common Stock
HTOO,Fusion Fuel Green PLC - Ordinary Shares
HTZ,"Hertz Global Holdings, Inc - Common Stock"
HTZWW,"Hertz Global Holdings, Inc - Warrant"
HUDI,"Huadi International Group Co., Ltd. - Ordinary Shares"
HUHU,HUHUTECH International Group Inc. - Ordinary Shares
HUIZ,Huize Holding Limited - American Depositary Shares
HUMA,"Humacyte, Inc. - Common Stock"
HUMAW,"Humacyte, Inc. - Warrant"
HURA,"TuHURA Biosciences, Inc. - Common Stock"
HURC,"Hurco Companies, Inc. - Common Stock"
HURN,Huron Consulting Group Inc. - Common Stock
HUT,Hut 8 Corp. - Common Stock
HVII,Hennessy Capital Investment Corp. VII - Ordinary Shares
HVIIR,Hennessy Capital Investment Corp. VII - Rights
HVIIU,Hennessy Capital Investment Corp. VII - Unit
HVMC,Highview Merger Corp. - Class A Ordinary Share
HVMCU,Highview Merger Corp. - Units
HVMCW,Highview Merger Corp. - Warrants
HWBK,"Hawthorn Bancshares, Inc. - Common Stock"
HWC,Hancock Whitney Corporation - Common Stock
HWCPZ,Hancock Whitney Corporation - 6.25% Subordinated Notes due 2060
HWKN,"Hawkins, Inc. - Common Stock"
HYFT,MindWalk Holdings Corp. - Common Stock
HYMC,Hycroft Mining Holding Corporation - Class A Common Stock
HYNE,"Hoyne Bancorp, Inc. - Common Stock"
HYPD,"Hyperion DeFi, Inc. - Common Stock"
HYPR,"Hyperfine, Inc.  - Class A Common Stock"
IACO,Idea Acquisition Corp. - Class A Ordinary Shares
IACOU,Idea Acquisition Corp. - Units
IACOW,Idea Acquisition Corp. - Warrants
IACQ,Irenic Acquisition Corp. - Class A Ordinary Shares
IACQU,Irenic Acquisition Corp. - Unit
IACQW,Irenic Acquisition Corp. - Warrants
IART,Integra LifeSciences Holdings Corporation - Common Stock
IBAC,IB Acquisition Corp. - Common Stock
IBACR,IB Acquisition Corp. - Right
IBCP,Independent Bank Corporation - Common Stock
IBEX,IBEX Limited - Common Share
IBIO,"iBio, Inc. - Common Stock"
IBKR,"Interactive Brokers Group, Inc. - Class A Common Stock"
IBOC,International Bancshares Corporation - Common Stock
IBRX,"ImmunityBio, Inc. - Common Stock"
ICCC,ImmuCell Corporation - Common Stock
ICCM,IceCure Medical Ltd. - Ordinary Shares
ICFI,"ICF International, Inc. - Common Stock"
ICG,Intchains Group Limited - American Depositary Shares
ICHR,Ichor Holdings - Ordinary Shares
ICLR,ICON plc - Ordinary Shares
ICMB,"Investcorp Credit Management BDC, Inc. - Common Stock"
ICON,Icon Energy Corp. - Common stock
ICU,SeaStar Medical Holding Corporation - Common Stock
ICUCW,SeaStar Medical Holding Corporation - Warrant
ICUI,"ICU Medical, Inc. - Common Stock"
IDACU,Iron Dome Acquisition I Corp. - Units
IDAI,T Stamp Inc. - Class A Common Stock
IDCC,"InterDigital, Inc. - Common Stock"
IDN,"Intellicheck, Inc. - Common Stock"
IDXX,"IDEXX Laboratories, Inc. - Common Stock"
IDYA,"IDEAYA Biosciences, Inc. - Common Stock"
IEAG,Infinite Eagle Acquisition Corp. - Class A Ordinary Shares
IEAGR,Infinite Eagle Acquisition Corp. - Rights
IEAGU,Infinite Eagle Acquisition Corp. - Unit
IEP,Icahn Enterprises L.P. - Depositary Units representing Limited Partner Interests
IESC,"IES Holdings, Inc. - Common Stock"
IFBD,"Infobird Co., Ltd - Ordinary Shares"
IFRX,InflaRx N.V. - Common Stock
IGAC,Invest Green Acquisition Corporation - Class A Ordinary Shares
IGACR,Invest Green Acquisition Corporation - Rights
IGACU,Invest Green Acquisition Corporation - Units
IGIC,International General Insurance Holdings Ltd. - Ordinary Shares
IHRT,"iHeartMedia, Inc. - Class A Common Stock"
III,"Information Services Group, Inc. - Common Stock"
IIIV,"i3 Verticals, Inc. - Common Stock"
IKT,"Inhibikase Therapeutics, Inc. - Common Stock"
ILAG,Intelligent Living Application Group Inc. - Ordinary Shares
ILLRW,Triller Group Inc. - Warrant
ILLU,Illumination Acquisition Corp I - Class A Ordinary Shares
ILLUU,Illumination Acquisition Corp I - Units
ILLUW,Illumination Acquisition Corp I - Warrant
ILMN,"Illumina, Inc. - Common Stock"
ILPT,Industrial Logistics Properties Trust - Common Shares of Beneficial Interest
IMA,"ImageneBio, Inc. - Common Stock"
IMCR,Immunocore Holdings plc - American Depositary Shares
IMDX,Insight Molecular Diagnostics Inc. - Common Stock
IMKTA,"Ingles Markets, Incorporated - Class A Common Stock"
IMMR,Immersion Corporation - Common Stock
IMMX,"Immix Biopharma, Inc. - Common Stock"
IMNM,"Immunome, Inc. - Common Stock"
IMNN,"Imunon, Inc. - Common Stock"
IMOS,ChipMOS TECHNOLOGIES INC. - American Depositary Shares
IMPP,Imperial Petroleum Inc. - Common Shares
IMPPP,Imperial Petroleum Inc. - 8.75% Series A Cumulative Redeemable Perpetual Preferred Shares
IMRN,Immuron Limited - American Depositary Shares
IMRX,Immuneering Corporation - Class A Common Stock
IMSR,Terrestrial Energy Inc. - Common Stock
IMSRW,Terrestrial Energy Inc. - Warrant
IMTX,Immatics N.V. - Ordinary Shares
IMUX,"Immunic, Inc.  - Common Stock"
IMVT,"Immunovant, Inc.  - Common Stock"
IMXI,"International Money Express, Inc. - Common Stock"
INAB,"IN8bio, Inc. - Common Stock"
INAC,Indigo Acquisition Corp. - Ordinary Shares
INACR,Indigo Acquisition Corp. - Right
INACU,Indigo Acquisition Corp. - Unit
INBK,First Internet Bancorp - Common Stock
INBKZ,First Internet Bancorp - Fixed-to-Floating Rate Subordinated Notes Due 2029
INBS,Intelligent Bio Solutions Inc.  - Common Stock
INBX,"Inhibrx Biosciences, Inc. - Common Stock"
INCY,Incyte Corporation - Common Stock
INDB,Independent Bank Corp. - Common Stock
INDI,"indie Semiconductor, Inc. - Class A Common Stock"
INDP,"Indaptus Therapeutics, Inc. - Common Stock"
INDV,"Indivior Pharmaceuticals, Inc.  - Common Stock"
INGN,"Inogen, Inc - Common Stock"
INHD,Inno Holdings Inc. - Common Stock
INIO,INNIO N.V. - Ordinary Shares
INKT,"MiNK Therapeutics, Inc. - Common Stock"
INLF,INLIF LIMITED - Class A Ordinary shares
INM,InMed Pharmaceuticals Inc. - Common Shares
INMB,INmune Bio Inc. - Common stock
INMD,InMode Ltd.  - Ordinary Shares
INNV,InnovAge Holding Corp. - Common Stock
INO,"Inovio Pharmaceuticals, Inc. - Common Stock"
INOD,Innodata Inc. - Common Stock
INSE,"Inspired Entertainment, Inc. - Common Stock"
INSG,Inseego Corp. - Common Stock
INSM,Insmed Incorporated - Common Stock
INTA,"Intapp, Inc. - Common Stock"
INTC,Intel Corporation - Common Stock
INTG,The Intergroup Corporation - Common Stock
INTJ,Intelligent Group Limited - Class A Ordinary Shares
INTR,Inter & Co. Inc. - Class A Common Shares
INTS,"Intensity Therapeutics, Inc. - Common Stock"
INTU,Intuit Inc. - Common Stock
INV,"Innventure, Inc. - Common Stock"
INVA,"Innoviva, Inc. - Common Stock"
INVE,"Identiv, Inc. - Common Stock"
IONR,ioneer Ltd - American Depositary Shares
IONS,"Ionis Pharmaceuticals, Inc. - Common Stock"
IOSP,Innospec Inc. - Common Stock
IOTR,iOThree Limited - Ordinary Shares
IOVA,"Iovance Biotherapeutics, Inc. - Common Stock"
IPAR,"Interparfums, Inc. - Common Stock"
IPCX,Inflection Point Acquisition Corp. III - Class A ordinary shares
IPCXR,Inflection Point Acquisition Corp. III - Rights
IPCXU,Inflection Point Acquisition Corp. III - Units
IPEX,Inflection Point Acquisition Corp. - Class A Ordinary Shares
IPEXR,Inflection Point Acquisition Corp. - Right
IPEXU,Inflection Point Acquisition Corp. - Unit
IPFX,Inflection Point Acquisition Corp. VI - Class A Ordinary Shares
IPFXU,Inflection Point Acquisition Corp. VI - Units
IPFXW,Inflection Point Acquisition Corp. VI - Warrant
IPGP,IPG Photonics Corporation - Common Stock
IPHA,Innate Pharma S.A. - American Depositary Shares
IPM,Intelligent Protection Management Corp.  - Common Stock
IPSC,"Century Therapeutics, Inc. - Common Stock"
IPST,"IP Strategy Holdings, Inc. - Common Stock"
IPVVU,"InterPrivate Investment Partners V, Inc. - Units"
IPW,iPower Inc. - Common Stock
IPWR,Ideal Power Inc. - Common Stock
IPX,IperionX Limited - American Depositary Share
IQ,"iQIYI, Inc. - American Depositary Shares"
IQST,iQSTEL Inc. - Common Stock
IRD,"Opus Genetics, Inc. - Common Stock"
IRDM,Iridium Communications Inc - Common Stock
IREN,IREN Limited - Ordinary Shares
IRHO,Iron Horse Acquisitions II Corp. - Common Stock
IRHOR,Iron Horse Acquisitions II Corp. - Rights
IRHOU,Iron Horse Acquisitions II Corp. - Units
IRIX,IRIDEX Corporation - Common Stock
IRMD,iRadimed Corporation - Common Stock
IRON,"Disc Medicine, Inc. - Common Stock"
IRTC,"iRhythm Holdings, Inc.  - Common Stock"
IRWD,"Ironwood Pharmaceuticals, Inc. - Class A Common Stock"
ISBA,Isabella Bank Corporation - Common stock
ISNRU,Snow Rothschild Acquisition Corp. - Units
ISPR,Ispire Technology Inc. - Common Stock
ISRG,"Intuitive Surgical, Inc. - Common Stock"
ISSC,"Innovative Solutions and Support, Inc. - Common Stock"
ISTR,Investar Holding Corporation - Common Stock
ITG,"ITG, Inc. - Class A Common Stock"
ITHA,ITHAX Acquisition Corp III - Class A Ordinary Shares
ITHAU,ITHAX Acquisition Corp III - Units
ITHAW,ITHAX Acquisition Corp III - Warrants
ITIC,Investors Title Company - Common Stock
ITRI,"Itron, Inc. - Common Stock"
ITRN,Ituran Location and Control Ltd. - Ordinary Shares
IVA,Inventiva S.A. - American Depository Shares
IVDAW,"Iveda Solutions, Inc. - Warrant"
IVF,"INVO Fertility, Inc. - Common Stock"
IVVD,"Invivyd, Inc. - Common Stock"
IXHL,Incannex Healthcare Inc. - Common Stock
IZEA,"IZEA Worldwide, Inc. - Common Stock"
JABRU,JAB Acquisition Corp I - Units
JACK,Jack In The Box Inc. - Common Stock
JAGX,"Jaguar Health, Inc. - Common Stock"
JAKK,"JAKKS Pacific, Inc. - Common Stock"
JANX,"Janux Therapeutics, Inc. - Common Stock"
JATT,JATT II Acquisition Corp - Ordinary Shares
JAZZ,Jazz Pharmaceuticals plc - Ordinary Shares
JBHT,"J.B. Hunt Transport Services, Inc. - Common Stock"
JBIO,"Jade Biosciences, Inc. - Common Stock"
JBLU,JetBlue Airways Corporation - Common Stock
JBSS,"John B. Sanfilippo & Son, Inc. - Common Stock"
JCAP,"Jefferson Capital, Inc. - Common Stock"
JCSE,JE Cleantech Holdings Limited - Ordinary Shares
JCTC,Jewett-Cameron Trading Company - Common Shares
JD,"JD.com, Inc. - American Depositary Shares"
JDZG,JIADE LIMITED - Class A Ordinary Shares
JEM,707 Cayman Holdings Limited - Ordinary Shares
JF,J and Friends Holdings Limited - American Depositary Shares
JFB,JFB Construction Holdings - Class A Common Stock
JFIN,Jiayin Group Inc. - American Depositary Shares
JFU,9F Inc. - American Depositary Shares
JG,Aurora Mobile Limited - American Depositary Shares
JJSF,J & J Snack Foods Corp. - Common Stock
JKHY,"Jack Henry & Associates, Inc. - Common Stock"
JL,J-Long Group Limited - Class A Ordinary Shares
JLHL,Julong Holding Limited - Class A Ordinary Shares
JMSB,"John Marshall Bancorp, Inc. - Common Stock"
JOUT,Johnson Outdoors Inc. - Class A Common Stock
JOYY,JOYY Inc. - American Depositary Shares
JRSH,"Jerash Holdings (US), Inc. - Common Stock"
JRVR,"James River Group Holdings, Inc. - Common Stock"
JSM,"Navient Corporation - 6% Senior Notes due December 15, 2043"
JSPRW,"Jasper Therapeutics, Inc. - Warrant"
JTAI,Jet.AI Inc. - Common Stock
JVA,"Coffee Holding Co., Inc. - Common Stock"
JWEL,Jowell Global Ltd. - Ordinary Shares
JXG,JX Luxventure Group Inc. - Common Stock
JYD,Jayud Global Logistics Limited - Class A Ordinary Shares
JYNT,The Joint Corp. - Common Stock
JZ,Jianzhi Education Technology Group Company Limited - American Depositary Shares
JZXN,"Jiuzi Holdings, Inc. - Ordinary Shares"
KALA,"KALA BIO, Inc. - Common Stock"
KALU,Kaiser Aluminum Corporation - Common Stock
KARD,"Kardigan, Inc. - Common Stock"
KARO,Karooooo Ltd. - Ordinary shares
KAZR,Skyline Builders Group Holding Limited - Class A Ordinary Shares
KBON,Karbon Capital Partners Corp. - Class A Ordinary Shares
KBONU,Karbon Capital Partners Corp. - Units
KBONW,Karbon Capital Partners Corp. - Warrant
KBSX,FST Corp. - Ordinary Shares
KC,Kingsoft Cloud Holdings Limited - American Depositary Shares
KCHV,Kochav Defense Acquisition Corp. - Class A Ordinary Shares
KCHVR,Kochav Defense Acquisition Corp. - Right
KCHVU,Kochav Defense Acquisition Corp. - Units
KDK,"Kodiak AI, Inc. - Common Stock"
KDKRW,"Kodiak AI, Inc. - Warrant"
KDP,Keurig Dr Pepper Inc. - Common Stock
KE,"Kimball Electronics, Inc. - Common Stock"
KEEL,Keel Infrastructure Corp. - Common Stock
KELYA,"Kelly Services, Inc. - Class A Common Stock"
KELYB,"Kelly Services, Inc. - Class B Common Stock"
KEQU,Kewaunee Scientific Corporation - Common Stock
KEYY,Keystone Acquisition Corp. - Class A Ordinary Shares
KEYYU,Keystone Acquisition Corp. - Unit
KEYYW,Keystone Acquisition Corp. - Warrants
KFFB,Kentucky First Federal Bancorp - Common Stock
KFII,K&F Growth Acquisition Corp. II - Class A Ordinary shares
KFIIR,K&F Growth Acquisition Corp. II - Rights
KFIIU,K&F Growth Acquisition Corp. II - Unit
KG,"Kestrel Group, Ltd. - Common Stock"
KGEI,Kolibri Global Energy Inc. - Common stock
KHC,The Kraft Heinz Company - Common Stock
KIDS,OrthoPediatrics Corp. - Common Stock
KIDZ,KIDZ AI Inc. - Class B Common Stock
KIDZW,KIDZ AI Inc. - Warrants
KINS,"Kingstone Companies, Inc - Common Stock"
KLAC,KLA Corporation  - Common Stock
KLIC,"Kulicke and Soffa Industries, Inc. - Common Stock"
KLRA,"Kailera Therapeutics, Inc. - Common stock"
KLRS,"Kalaris Therapeutics, Inc.  - Common Stock"
KLTR,"Kaltura, Inc. - Common Stock"
KLXE,"KLX Energy Services Holdings, Inc.  - Common Stock"
KMB,Kimberly-Clark Corporation - Common Stock
KMDA,Kamada Ltd. - Ordinary Shares
KMRK,K-Tech Solutions Company Limited - Class A Ordinary Shares
KMTS,"Kestra Medical Technologies, Ltd. - Common Stock"
KNSA,"Kiniksa Pharmaceuticals International, plc - Class A Ordinary Shares"
KOD,Kodiak Sciences Inc - Common Stock
KOPN,Kopin Corporation - Common Stock
KOSS,Koss Corporation - Common Stock
KOYN,CSLM Digital Asset Acquisition Corp III - Class A Ordinary Shares
KOYNU,CSLM Digital Asset Acquisition Corp III - Units
KOYNW,CSLM Digital Asset Acquisition Corp III - Warrants
KPLT,"Katapult Holdings, Inc. - Common Stock"
KPRX,"Kiora Pharmaceuticals, Inc.  - Common Stock"
KPTI,Karyopharm Therapeutics Inc. - Common Stock
KRAQ,KRAKacquisition Corp - Class A Ordinary Shares
KRAQU,KRAKacquisition Corp - Unit
KRAQW,KRAKacquisition Corp - Warrants
KRKR,36Kr Holdings Inc. - American Depositary Shares
KRMD,"KORU Medical Systems, Inc. - Common Stock"
KRNT,Kornit Digital Ltd. - Ordinary Shares
KRNY,Kearny Financial - Common Stock
KROS,"Keros Therapeutics, Inc. - common stock"
KRRO,"Korro Bio, Inc. - Common Stock"
KRT,Karat Packaging Inc. - Common Stock
KRUS,"Kura Sushi USA, Inc. - Class A Common Stock"
KRYS,"Krystal Biotech, Inc. - Common Stock"
KSCP,"Knightscope, Inc. - Class A Common Stock"
KSPI,Joint Stock Company Kaspi.kz - American Depository Shares
KTCC,Key Tronic Corporation - Common Stock
KTOS,"Kratos Defense & Security Solutions, Inc. - Common Stock"
KTTAW,Pasithea Therapeutics Corp. - Warrant
KTWO,K2 Capital Acquisition Corporation - Class A Ordinary Share
KTWOR,K2 Capital Acquisition Corporation - Rights
KTWOU,K2 Capital Acquisition Corporation - Units
KURA,"Kura Oncology, Inc. - Common Stock"
KUST,"Kustom Entertainment, Inc. - Common Stock"
KVAC,Keen Vision Acquisition Corporation - Ordinary Shares
KVACU,Keen Vision Acquisition Corporation - Units
KVACW,Keen Vision Acquisition Corporation - Warrant
KVHI,"KVH Industries, Inc. - Common Stock"
KWMWW,"K Wave Media, Ltd. - Warrant"
KXIN,Kaixin Holdings - Ordinary Shares
KYIV,Kyivstar Group Ltd. - Common Shares
KYIVW,Kyivstar Group Ltd. - Warrant
KYMR,"Kymera Therapeutics, Inc. - Common Stock"
KYTX,"Kyverna Therapeutics, Inc. - Common Stock"
KZIA,Kazia Therapeutics Limited - American Depositary Shares
LAB,Standard BioTools Inc. - Common Stock
LABT,Lakewood-Amedex Biotherapeutics Inc. - Common Stock
LAES,SEALSQ Corp - Ordinary Shares
LAFA,LaFayette Acquisition Corp. - Ordinary Share
LAFAR,LaFayette Acquisition Corp. - Rights
LAFAU,LaFayette Acquisition Corp. - Unit
LAKE,"Lakeland Industries, Inc. - Common Stock"
LAMR,Lamar Advertising Company - Class A Common Stock
LAND,Gladstone Land Corporation - Common Stock
LANDO,Gladstone Land Corporation - 6.00% Series B Cumulative Redeemable Preferred Stock
LANDP,Gladstone Land Corporation - 6.00% Series C Cumulative Redeemable Preferred Stock
LARK,Landmark Bancorp Inc. - Common Stock
LASE,Laser Photonics Corporation - Common Stock
LASR,"nLIGHT, Inc. - Common Stock"
LATA,Galata Acquisition Corp. II - Class A Ordinary Shares
LATAU,Galata Acquisition Corp. II - Units
LATAW,Galata Acquisition Corp. II - Warrant
LAUR,"Laureate Education, Inc. - Common Stock"
LAWR,"Robot Consulting Co., Ltd. - ADS"
LBGJ,Li Bang International Corporation Inc. - Class A Ordinary Shares
LBRDA,Liberty Broadband Corporation - Class A Common Stock
LBRDK,Liberty Broadband Corporation - Class C Common Stock
LBRDP,Liberty Broadband Corporation - Series A Cumulative Redeemable Preferred Stock
LBRX,LB Pharmaceuticals Inc - Common Stock
LBTYA,Liberty Global Ltd. - Class A Common Shares
LBTYB,Liberty Global Ltd. - Class B Common Shares
LBTYK,Liberty Global Ltd. - Class C Common Shares
LCCC,Lakeshore Acquisition III Corp. - Ordinary Shares
LCCCR,Lakeshore Acquisition III Corp. - Rights
LCCCU,Lakeshore Acquisition III Corp. - Unit
LCFY,Locafy Limited - Ordinary Share
LCFYW,Locafy Limited - Warrant
LCID,"Lucid Group, Inc. - Common Stock"
LCNB,LCNB Corporation - Common Stock
LCUT,"Lifetime Brands, Inc. - Common Stock"
LE,"Lands' End, Inc. - Common Stock"
LECO,"Lincoln Electric Holdings, Inc. - Common Shares"
LEE,"Lee Enterprises, Incorporated - Common Stock"
LEGH,Legacy Housing Corporation - Common Stock
LEGN,Legend Biotech Corporation - American Depositary Shares
LENZ,"LENZ Therapeutics, Inc. - Common Stock"
LESL,"Leslie's, Inc. - Common Stock"
LFAC,Leapfrog Acquisition Corporation - Class A Ordinary Shares
LFACU,Leapfrog Acquisition Corporation - Units
LFACW,Leapfrog Acquisition Corporation - Warrants
LFCR,"Lifecore Biomedical, Inc. - Common Stock"
LFMD,"LifeMD, Inc. - Common Stock"
LFMDP,"LifeMD, Inc. - 8.875% Series A Cumulative Perpetual Preferred Stock"
LFS,"LEIFRAS Co., Ltd. - American Depositary Shares"
LFST,"LifeStance Health Group, Inc. - Common Stock"
LFTO,"Liftoff Mobile, Inc. - Common Stock"
LFUS,"Littelfuse, Inc. - Common Stock"
LFVN,Lifevantage Corporation - Common Stock
LFWD,Lifeward Ltd. - Ordinary Shares
LGCL,Lucas GC Limited - Class A Ordinary Shares
LGHL,Lion Group Holding Ltd. - American Depositary Share
LGIH,"LGI Homes, Inc. - Common Stock"
LGN,Legence Corp. - Class A Common stock
LGND,Ligand Pharmaceuticals Incorporated - Common Stock
LGO,Largo Inc. - Common Shares
LHAI,Linkhome Holdings Inc. - Common stock
LI,Li Auto Inc. - American Depositary Shares
LICN,Lichen International Limited - Class A Ordinary Shares
LIDR,"AEye, Inc. - Class A Common Stock"
LIDRW,"AEye, Inc. - Warrant"
LIEN,"Chicago Atlantic BDC, Inc. - Common Stock"
LIF,"Life360, Inc. - Common Stock"
LIFE,Ethos Technologies Inc. - Class A Common Stock
LILA,Liberty Latin America Ltd. - Class A Common Stock
LILAK,Liberty Latin America Ltd. - Class C Common Stock
LILAP,Liberty Latin America Ltd. - 9.0% Fixed Rate Cumulative Perpetual Redeemable Series A Preference Shares
LIME,"Neutron Holdings, Inc. - Common Stock"
LIMNW,"Liminatus Pharma, Inc. - Warrants"
LIN,Linde plc - Ordinary Shares
LINC,Lincoln Educational Services Corporation - Common Stock
LIND,Lindblad Expeditions Holdings Inc.  - Common Stock
LINE,"Lineage, Inc. - Common Stock"
LINK,"Interlink Electronics, Inc. - Common Stock"
LIQT,"LiqTech International, Inc. - Common Stock"
LITE,Lumentum Holdings Inc. - Common Stock
LITS,"Lite Strategy, Inc. - Common Stock"
LIVE,Live Ventures Incorporated - Common Stock
LIVN,LivaNova PLC - Ordinary Shares
LIXT,"Lixte Biotechnology Holdings, Inc. - Common Stock"
LKFN,Lakeland Financial Corporation - Common Stock
LKFT,Lakefront Biotherapeutics - American Depositary Shares
LKQ,LKQ Corporation - Common Stock
LKSP,Lake Superior Acquisition Corp. - Class A Ordinary Shares
LKSPR,Lake Superior Acquisition Corp. - Rights
LKSPU,Lake Superior Acquisition Corp. - Units
LLYVA,"Liberty Live Holdings, Inc. - Series A Liberty Live Group Common Stock"
LLYVK,"Liberty Live Holdings, Inc. - Series C Liberty Live Group Common Stock"
LMAT,"LeMaitre Vascular, Inc. - Common Stock"
LMB,"Limbach Holdings, Inc. - Common Stock"
LMNR,Limoneira Co - Common Stock
LMRI,"Lumexa Imaging Holdings, Inc. - Common Stock"
LNAI,Lunai Bioworks Inc. - Common Stock
LNKS,Linkers Industries Limited - Class A Ordinary Shares
LNSR,"LENSAR, Inc. - Common Stock"
LNT,Alliant Energy Corporation - Common Stock
LNTH,"Lantheus Holdings, Inc. - Common Stock"
LNZA,"LanzaTech Global, Inc. - Common Stock"
LNZAW,"LanzaTech Global, Inc. - Warrant"
LOAN,"Manhattan Bridge Capital, Inc - Common Stock"
LOCO,"El Pollo Loco Holdings, Inc. - Common Stock"
LOGI,Logitech International S.A. - Registered Shares
LONA,"LeonaBio, Inc. - Common Stock"
LOOP,"Loop Industries, Inc. - Common Stock"
LOPE,"Grand Canyon Education, Inc. - Common Stock"
LOT,Lotus Technology Inc. - American Depositary Shares
LOTWW,Lotus Technology Inc. - Warrants
LOVE,The Lovesac Company - Common Stock
LPAA,Launch One Acquisition Corp. - Class A Ordinary Shares
LPAAU,Launch One Acquisition Corp. - Unit
LPAAW,Launch One Acquisition Corp. - Warrant
LPBB,Launch Two Acquisition Corp. - Class A Ordinary Shares
LPBBU,Launch Two Acquisition Corp. - Unit
LPBBW,Launch Two Acquisition Corp. - Warrant
LPCN,Lipocine Inc. - Common Stock
LPCV,Launchpad Cadenza Acquisition Corp I - Class A Ordinary Share
LPCVU,Launchpad Cadenza Acquisition Corp I - Unit
LPCVW,Launchpad Cadenza Acquisition Corp I - Warrant
LPLA,LPL Financial Holdings Inc. - Common Stock
LPRO,Open Lending Corporation - Common Stock
LPSN,"LivePerson, Inc. - Common Stock"
LPTH,"LightPath Technologies, Inc. - Class A Common Stock"
LQDA,Liquidia Corporation - Common Stock
LQDT,"Liquidity Services, Inc. - Common Stock"
LRCX,Lam Research Corporation - Common Stock
LRE,"Lead Real Estate Co., Ltd - American Depositary Shares"
LRMR,"Larimar Therapeutics, Inc. - Common Stock"
LSAK,"Lesaka Technologies, Inc. - Common Stock"
LSBK,"Lake Shore Bancorp, Inc. - Common Stock"
LSCC,Lattice Semiconductor Corporation - Common Stock
LSE,"Leishen Energy Holding Co., Ltd. - Class A Ordinary Shares"
LSTA,"Lisata Therapeutics, Inc. - Common Stock"
LSTR,"Landstar System, Inc. - Common Stock"
LTBR,Lightbridge Corporation - Common Stock
LTGRU,Long Table Growth Corp. - Units
LTRN,Lantern Pharma Inc. - Common Stock
LTRX,"Lantronix, Inc. - Common Stock"
LUCD,Lucid Diagnostics Inc. - Common Stock
LUCY,"Innovative Eyewear, Inc. - Common Stock"
LUCYW,"Innovative Eyewear, Inc. - Warrants"
LULU,lululemon athletica inc. - Common Stock
LUNG,Pulmonx Corporation - Common Stock
LUNR,"Intuitive Machines, Inc. - Class A Common Stock"
LVO,"LiveOne, Inc. - Common Stock"
LWAC,LightWave Acquisition Corp. - Class A Ordinary Shares
LWACU,LightWave Acquisition Corp. - Units
LWACW,LightWave Acquisition Corp. - Warrants
LWAY,"Lifeway Foods, Inc. - Common Stock"
LWLG,"Lightwave Logic, Inc. - Common Stock"
LX,LexinFintech Holdings Ltd. - American Depositary Shares
LXEH,"Lixiang Education Holding Co., Ltd. - American Depositary Shares"
LXEO,"Lexeo Therapeutics, Inc. - Common Stock"
LXRX,"Lexicon Pharmaceuticals, Inc. - Common Stock"
LYEL,"Lyell Immunopharma, Inc. - Common Stock"
LYFT,"Lyft, Inc. - Class A Common Stock"
LYTS,LSI Industries Inc. - Common Stock
LZ,"LegalZoom.com, Inc. - Common Stock"
LZMH,LZ Technology Holdings Limited - Class B Ordinary Shares
MAAS,Maase Inc. - Class A Ordinary Shares
MACI,Melar Acquisition Corp. I - Class A Ordinary Shares
MACIU,Melar Acquisition Corp. I - Unit
MACIW,Melar Acquisition Corp. I - Warrant
MAGH,Magnitude International Ltd - Ordinary Shares
MAKO,Mako Mining Corp - Common Stock
MAMA,"Mama's Creations, Inc. - Common Stock"
MAMK,MaxsMaking Inc. - Class A Ordinary Shares
MAMO,Massimo Group - Common Stock
MANH,"Manhattan Associates, Inc. - Common Stock"
MAR,Marriott International - Class A Common Stock
MARA,"MARA Holdings, Inc. - Common Stock"
MARPS,Marine Petroleum Trust - Units of Beneficial Interest
MASK,3 E Network Technology Group Ltd - Class A Ordinary Shares
MASS,908 Devices Inc. - Common Stock
MAT,"Mattel, Inc. - Common Stock"
MATH,Metalpha Technology Holding Limited - Ordinary Shares
MATW,Matthews International Corporation - Class A Common Stock
MAYS,"J. W. Mays, Inc. - Common Stock"
MAZE,"Maze Therapeutics, Inc. - Common Stock"
MB,MasterBeef Group - Ordinary Shares
MBAI,Check-Cap Ltd. - Ordinary Share
MBAV,M3-Brigade Acquisition V Corp. - Class A Ordinary shares
MBAVU,M3-Brigade Acquisition V Corp. - Units
MBAVW,M3-Brigade Acquisition V Corp. - Warrant
MBBC,"Marathon Bancorp, Inc. - Common Stock"
MBIN,Merchants Bancorp - Common Stock
MBINL,"Merchants Bancorp - Depositary Shares, Each Representing a 1/40th Interest in a Share of 7.625% Fixed Rate Series E Non-Cumulative Perpetual Preferred Stock, without par value"
MBINM,"Merchants Bancorp - Depositary Shares, Each Representing a 1/40th Interest in a Share of 8.25% Fixed-Rate Reset Series D Non-Cumulative Perpetual Preferred Stock"
MBINN,Merchants Bancorp - Depositary Shares 6.00% Fixed Rate Series C Non-Cumulative Perpetual Preferred Stock
MBLY,Mobileye Global Inc. - Class A Common Stock
MBNKO,"Medallion Bank - Fixed-Rate Reset Non-Cumulative Perpetual Preferred Stock, Series G, par value $1.00 per share"
MBOT,Microbot Medical Inc.  - Common Stock
MBRX,"Moleculin Biotech, Inc. - Common Stock"
MBUU,"Malibu Boats, Inc. - Common Stock"
MBVI,M3-Brigade Acquisition VI Corp. - Class A Ordinary Shares
MBVIU,M3-Brigade Acquisition VI Corp. - Units
MBVIW,M3-Brigade Acquisition VI Corp. - Warrant
MBWM,Mercantile Bank Corporation - Common Stock
MBX,"MBX Biosciences, Inc. - Common Stock"
MCAH,Mountain Crest Acquisition 6 Corp. - Ordinary Shares
MCAHR,Mountain Crest Acquisition 6 Corp. - Rights
MCAHU,Mountain Crest Acquisition 6 Corp. - Units
MCBS,"MetroCity Bankshares, Inc. - Common Stock"
MCFT,"MasterCraft Boat Holdings, Inc. - Common Stock"
MCGA,Yorkville Acquisition Corp. - Class A Ordinary Share
MCGAU,Yorkville Acquisition Corp. - Unit
MCGAW,Yorkville Acquisition Corp. - Warrant
MCHB,Mechanics Bancorp - Class A Common Stock
MCHP,Microchip Technology Incorporated - Common Stock
MCHPP,Microchip Technology Incorporated - Depositary Shares Each Representing a 1/20th Interest in a Share of 7.50% Series A Mandatory Convertible Preferred Stock
MCHX,"Marchex, Inc. - Class B Common Stock"
MCRB,"Seres Therapeutics, Inc. - Common Stock"
MCRI,"Monarch Casino & Resort, Inc. - Common Stock"
MCTA,Charming Medical Limited - Class A Ordinary Shares
MDAI,"Spectral AI, Inc. - Class A Common Stock"
MDAIW,"Spectral AI, Inc. - Warrants"
MDB,"MongoDB, Inc. - Class A Common Stock"
MDBH,"MDB Capital Holdings, LLC - Class A common"
MDGL,"Madrigal Pharmaceuticals, Inc. - Common Stock"
MDLN,Medline Inc. - Class A common stock
MDLZ,"Mondelez International, Inc. - Class A Common Stock"
MDRR,"Medalist Diversified, Inc. - Common Stock"
MDWD,MediWound Ltd. - Ordinary Shares
MDXG,"MiMedx Group, Inc - Common Stock"
MDXH,MDxHealth SA - Ordinary Shares
MEDP,"Medpace Holdings, Inc. - Common Stock"
MEGL,Magic Empire Global Limited - Class A Ordinary Shares
MELI,"MercadoLibre, Inc. - Common Stock"
MENS,Jyong Biotech Ltd. - Ordinary shares
MEOH,Methanex Corporation - Common Stock
MERC,Mercer International Inc. - Common Stock
MESH,Meshflow Acquisition Corp. - Class A Ordinary Shares
MESHU,Meshflow Acquisition Corp. - Units
MESHW,Meshflow Acquisition Corp. - Warrants
MESO,Mesoblast Limited - American Depositary Shares
META,"Meta Platforms, Inc. - Class A Common Stock"
METC,"Ramaco Resources, Inc. - Class A Common Stock"
METCB,"Ramaco Resources, Inc. - Class B Common Stock"
METCI,"Ramaco Resources, Inc. - 8.250% Senior Notes due 2030"
METCZ,"Ramaco Resources, Inc. - 8.375% Senior Notes due 2029"
MEVO,M Evo Global Acquisition Corp II - Class A Ordinary Shares
MEVOU,M Evo Global Acquisition Corp II - Units
MEVOW,M Evo Global Acquisition Corp II - Warrants
MFI,mF International Limited - Class A Ordinary Shares
MFIC,MidCap Financial Investment Corporation - Closed End Fund
MFICL,MidCap Financial Investment Corporation - 8.00% Notes due 2028
MFIN,Medallion Financial Corp. - Common Stock
MFPVV,"Midera Food Processing, Inc. - Common Stock When Issued"
MGEE,MGE Energy Inc. - Common Stock
MGIH,Millennium Group International Holdings Limited - Ordinary Shares
MGNI,"Magnite, Inc. - Common Stock"
MGNX,"MacroGenics, Inc. - Common Stock"
MGPI,"MGP Ingredients, Inc. - Common Stock"
MGRC,McGrath RentCorp - Common Stock
MGRT,Mega Fortune Company Limited - Ordinary Shares
MGTX,MeiraGTx Holdings plc - Ordinary Shares
MGX,"Metagenomi Therapeutics, Inc. - Common Stock"
MGYR,"Magyar Bancorp, Inc. - Common Stock"
MIDD,The Middleby Corporation - Common Stock
MIDDV,Middleby Corp. - Common Stock Ex-Distribution When Issued
MIMI,Mint Incorporation Limited - Class A Ordinary Shares
MIND,"MIND Technology, Inc. - Common Stock"
MIRA,"MIRA Pharmaceuticals, Inc. - Common Stock"
MIRM,"Mirum Pharmaceuticals, Inc. - common stock"
MIST,Milestone Pharmaceuticals Inc. - Common Shares
MITK,"Mitek Systems, Inc. - Common Stock"
MKDW,MKDWELL Tech Inc. - Ordinary Shares
MKDWW,MKDWELL Tech Inc. - Warrants
MKLY,McKinley Acquisition Corporation - Class A Ordinary Shares
MKLYR,McKinley Acquisition Corporation - Rights
MKLYU,McKinley Acquisition Corporation - Units
MKSI,MKS Inc. - Common Stock
MKTW,"MarketWise, Inc. - Class A Common Stock"
MKTX,"MarketAxess Holdings, Inc. - Common Stock"
MKZR,"MacKenzie Realty Capital, Inc. - Common Stock"
MLAA,Mountain Lake Acquisition Corp. II - Class A Ordinary Shares
MLAAU,Mountain Lake Acquisition Corp. II - Units
MLAAW,Mountain Lake Acquisition Corp. II - Warrants
MLAB,"Mesa Laboratories, Inc. - Common Stock"
MLCI,Mount Logan Capital Inc. - Common Stock
MLCIL,Mount Logan Capital Inc. - 8.00% Notes Due 2031
MLCO,Melco Resorts & Entertainment Limited - American Depositary Shares
MLEC,Moolec Science SA - Ordinary Shares
MLECW,Moolec Science SA - Warrant
MLGO,"MicroAlgo, Inc. - Ordinary Shares"
MLKN,"MillerKnoll, Inc. - Common Stock"
MLTX,MoonLake Immunotherapeutics - Class A Ordinary Shares
MLYS,"Mineralys Therapeutics, Inc. - Common Stock"
MMED,"MiniMed Group, Inc. - Common Stock"
MMLP,Martin Midstream Partners L.P. - Common Units Representing Limited Partnership Interests
MMSI,"Merit Medical Systems, Inc. - Common Stock"
MMTX,Miluna Acquisition Corp - Class A Ordinary Shares
MMTXU,Miluna Acquisition Corp - Units
MMTXW,Miluna Acquisition Corp - Warrant
MMYT,MakeMyTrip Limited - Ordinary Shares
MNDR,Mobile-health Network Solutions - Class A Ordinary Shares
MNDY,monday.com Ltd. - Ordinary Shares
MNKD,MannKind Corporation - Common Stock
MNOV,"MediciNova, Inc. - Common Stock"
MNPR,Monopar Therapeutics Inc. - Common Stock
MNRO,"Monro, Inc.  - Common Stock"
MNSB,"MainStreet Bancshares, Inc. - Common Stock"
MNSBP,"MainStreet Bancshares, Inc. - Depositary Shares"
MNST,Monster Beverage Corporation - Common Stock
MNTK,"Montauk Renewables, Inc. - Common Stock"
MNTS,Momentus Inc. - Class A Common Stock
MNTSW,Momentus Inc. - Warrant
MNY,MoneyHero Limited - Class A Ordinary Shares
MNYWW,MoneyHero Limited - Warrants
MOB,Mobilicom Limited - Ordinary Shares
MOBBW,Mobilicom Limited - Warrants
MOBI,"Mobia Medical, Inc. - Common Stock"
MOBX,"Mobix Labs, Inc. - Class A Common Stock"
MOBXW,"Mobix Labs, Inc. - Warrants"
MODD,"Modular Medical, Inc. - common stock"
MOLN,Molecular Partners AG - American Depositary Shares
MOMO,Hello Group Inc.  - American Depositary Shares
MORN,"Morningstar, Inc. - Common Stock"
MOVE,"Corvex, Inc. - Common Stock"
MPAA,"Motorcar Parts of America, Inc. - Common Stock"
MPB,Mid Penn Bancorp - Common Stock
MPLT,"MapLight Therapeutics, Inc. - Common Stock"
MPWR,"Monolithic Power Systems, Inc. - Common Stock"
MQ,"Marqeta, Inc. - Class A Common Stock"
MRAM,"Everspin Technologies, Inc. - Common Stock"
MRBK,Meridian Corporation - Common Stock
MRCY,Mercury Systems Inc - Common Stock
MRDN,Meridian Holdings Inc. - Common Stock
MRKR,"Marker Therapeutics, Inc. - Common Stock"
MRLN,"Merlin, Inc. - Common Stock"
MRNA,"Moderna, Inc. - Common Stock"
MRNOW,Murano Global Investments PLC - Warrants
MRTN,"Marten Transport, Ltd. - Common Stock"
MRVI,"Maravai LifeSciences Holdings, Inc. - Class A common stock"
MRVL,"Marvell Technology, Inc. - Common Stock"
MRX,Marex Group plc - Ordinary Shares
MSAI,"MultiSensor AI Holdings, Inc. - Common Stock"
MSAIW,"MultiSensor AI Holdings, Inc. - Warrants"
MSBI,"Midland States Bancorp, Inc. - Common Stock"
MSBIP,"Midland States Bancorp, Inc. - Depositary Shares Each Representing a 1/40th Interest in a Share of 7.750% Fixed-Rate Reset Non-Cumulative Perpetual Preferred Stock, Series A"
MSEX,Middlesex Water Company - Common Stock
MSFT,Microsoft Corporation - Common Stock
MSGM,Motorsport Games Inc. - Class A Common Stock
MSLE,Satellos Bioscience Inc. - Common Stock
MSTR,Strategy Inc - Class A Common Stock
MSW,Ming Shing Group Holdings Limited - Ordinary Shares
MTC,"MMTec, Inc. - Common Shares"
MTCH,"Match Group, Inc. - Common Stock"
MTEK,Maris-Tech Ltd. - ordinary shares
MTEKW,Maris-Tech Ltd. - Warrants
MTEN,Mingteng International Corporation Inc. - Class A Ordinary Shares
MTLS,Materialise NV - American Depositary Shares
MTRX,Matrix Service Company - Common Stock
MTSI,"MACOM Technology Solutions Holdings, Inc. - Common Stock"
MTVA,MetaVia Inc.  - Common Stock
MU,"Micron Technology, Inc. - Common Stock"
MUZE,Muzero Acquisition Corp - Class A Ordinary Shares
MUZEU,Muzero Acquisition Corp - Unit
MUZEW,Muzero Acquisition Corp - Warrant
MVBF,MVB Financial Corp. - Common Stock
MVST,"Microvast Holdings, Inc. - Common Stock"
MVSTW,"Microvast Holdings, Inc. - Warrant"
MWC,"Micware Co., Ltd. - American Depositary Shares"
MWH,"SOLV Energy, Inc. - Class A common stock"
MXCT,"MaxCyte, Inc. - Common Stock"
MXL,"MaxLinear, Inc - Common Stock"
MYFW,"First Western Financial, Inc. - Common Stock"
MYGN,"Myriad Genetics, Inc. - Common Stock"
MYRG,"MYR Group, Inc. - Common Stock"
MYSE,"Myseum.AI, Inc. - Common Stock"
MYSEW,"Myseum.AI, Inc. - Series A Warrant"
MYX,Maywood Acquisition Corp. 2 - Class A Ordinary Share
MYXXR,Maywood Acquisition Corp. 2 - Rights
MYXXU,Maywood Acquisition Corp. 2 - Units
MYXXW,Maywood Acquisition Corp. 2 - Warrants
MZTI,The Marzetti Company - Common Stock
NA,Nano Labs Ltd - Class A Ordinary Shares
NAGE,"Niagen Bioscience, Inc. - Common Stock"
NAII,"Natural Alternatives International, Inc. - Common Stock"
NAKA,Nakamoto Inc. - Common Stock
NAMM,Namib Minerals - Ordinary Shares
NAMMW,Namib Minerals - Warrants
NAMS,NewAmsterdam Pharma Company N.V. - Ordinary Shares
NAMSW,NewAmsterdam Pharma Company N.V. - Warrant
NATH,"Nathan's Famous, Inc. - Common Stock"
NATR,"Nature's Sunshine Products, Inc. - Common Stock"
NAUT,"Nautilus Biotechnology, Inc. - Common Stock"
NAVI,Navient Corporation - Common Stock
NAVN,"Navan, Inc. - Class A Common Stock"
NB,NioCorp Developments Ltd. - Common Stock
NBBK,"NB Bancorp, Inc. - Common Stock"
NBIS,Nebius Group N.V. - Class A Ordinary Shares
NBIX,"Neurocrine Biosciences, Inc. - Common Stock"
NBN,Northeast Bank - Common Stock
NBP,NovaBridge Biosciences - American Depositary Shares
NBRG,Newbridge Acquisition Limited - Class A Ordinary Share
NBRGR,Newbridge Acquisition Limited - Rights
NBRGU,Newbridge Acquisition Limited - Unit
NBTB,NBT Bancorp Inc. - Common Stock
NBTX,Nanobiotix S.A. - ADSs
NCEL,NewcelX Ltd. - Ordinary Shares
NCEW,New Century Logistics (BVI) Limited - Ordinary Shares
NCI,Neo-Concept International Group Holdings Limited - Class A Ordinary Shares
NCMI,"National CineMedia, Inc. - Common Stock"
NCNA,NuCana plc - American Depositary Shares
NCNO,"nCino, Inc. - Common Stock"
NCPLW,Netcapital Inc. - warrants
NCSM,"NCS Multistage Holdings, Inc. - Common Stock"
NCT,Intercont (Cayman) Limited - Class A Ordinary shares
NCTY,The9 Limited - American Depository Shares
NDAQ,"Nasdaq, Inc. - Common Stock"
NDLS,Noodles & Company - Class A Common Stock
NDSN,Nordson Corporation - Common Stock
NECB,"NorthEast Community Bancorp, Inc. - Common Stock"
NEGG,"Newegg Commerce, Inc. - Common Shares"
NEO,"NeoGenomics, Inc. - Common Stock"
NEOG,Neogen Corporation - Common Stock
NEON,Neonode Inc. - Common Stock
NEOV,NeoVolta Inc. - Common Stock
NEOVW,NeoVolta Inc. - Warrant
NEPH,"Nephros, Inc. - Common Stock"
NERV,"Minerva Neurosciences, Inc - Common Stock"
NESR,National Energy Services Reunited Corp - Ordinary Shares
NEUP,Neuphoria Therapeutics Inc. - Common Stock
NEWT,"NewtekOne, Inc. - Common Stock"
NEWTG,"NewtekOne, Inc. - 8.50% Fixed Rate Senior Notes due 2029"
NEWTH,"NewtekOne, Inc. - 8.625% Fixed Rate Senior Notes due 2029"
NEWTI,"NewtekOne, Inc. - 8.00% Fixed Rate Senior Notes due 2028"
NEWTO,"NewtekOne, Inc. - 8.50% Fixed Rate Senior Notes due 2031"
NEWTP,"NewtekOne, Inc. - Depositary Shares, Each Representing a 1/40th Interest in a Share of 8.500% Fixed Rate Reset Non-Cumulative Perpetual Preferred Stock, Series B"
NEXM,NexMetals Mining Corp. - Common Stock
NEXN,Nexxen International Ltd. - Ordinary Shares
NEXR,Nexera Technologies Ltd - Ordinary Shares
NEXRW,Nexera Technologies Ltd - Warrant
NEXT,NextDecade Corporation - Common Stock
NFBK,"Northfield Bancorp, Inc. - Common Stock"
NFLX,"Netflix, Inc. - Common Stock"
NGEN,NervGen Pharma Corp. - Common stock
NGNE,Neurogene Inc. - Common Stock
NHIC,NewHold Investment Corp III - Class A Ordinary shares
NHICU,NewHold Investment Corp III - Units
NHICW,NewHold Investment Corp III - Warrants
NHIV,NewHold Investment Corp IV - Class A Ordinary Shares
NHIVU,NewHold Investment Corp IV - Units
NHIVW,NewHold Investment Corp IV - Warrants
NHP,"National Healthcare Properties, Inc. - Class A Common Stock"
NHPAP,"National Healthcare Properties, Inc. - 7.375% Series A Cumulative Redeemable Perpetual Preferred Stock"
NHPBP,"National Healthcare Properties, Inc. - 7.125% Series B Cumulative Redeemable Perpetual Preferred Stock"
NHTC,Natural Health Trends Corp. - Common Stock
NICE,NICE Ltd - American Depositary Shares each representing one Ordinary Share
NICM,Nicola Mining Inc. - American Depositary Shares
NIOBW,NioCorp Developments Ltd. - Warrant
NIU,Niu Technologies - American Depositary Shares
NIVF,NewGenIvf Group Limited - Class A Ordinary Shares
NIVFW,NewGenIvf Group Limited - Warrants
NKLR,Terra Innovatum Global N.V. - Ordinary shares
NKSH,"National Bankshares, Inc. - Common Stock"
NKTR,Nektar Therapeutics - Common Stock
NKTX,"Nkarta, Inc. - Common Stock"
NMFC,New Mountain Finance Corporation - Common Stock
NMFCZ,New Mountain Finance Corporation - 8.250% Notes due 2028
NMIH,NMI Holdings Inc - Common Stock
NMP,NMP Acquisition Corp. - Class A Ordinary Shares
NMPAR,NMP Acquisition Corp. - Right
NMPAU,NMP Acquisition Corp. - Units
NMRA,"Neumora Therapeutics, Inc. - Common Stock"
NMRK,"Newmark Group, Inc. - Class A Common Stock"
NMTC,NeuroOne Medical Technologies Corporation - Common Stock
NN,NextNav Inc. - Common stock
NNBR,"NN, Inc. - Common Stock"
NNDM,Nano Dimension Ltd. - American Depositary Shares
NNE,Nano Nuclear Energy Inc. - common stock
NNNN,Anbio Biotechnology - Class A Ordinary Shares
NNOX,NANO-X IMAGING LTD - Ordinary Shares
NODK,"NI Holdings, Inc. - Common Stock"
NOEM,CO2 Energy Transition Corp. - Common Stock
NOEMR,CO2 Energy Transition Corp. - Right
NOEMU,CO2 Energy Transition Corp. - Unit
NOEMW,CO2 Energy Transition Corp. - Warrant
NOMA,NOMADAR Corp. - Class A Common Stock
NOVT,Novanta Inc. - Common Shares
NOVTU,Novanta Inc. - Tangible Equity Units
NPAC,New Providence Acquisition Corp. III - Ordinary Shares
NPACU,New Providence Acquisition Corp. III - Units
NPACW,New Providence Acquisition Corp. III - Warrants
NPCE,"Neuropace, Inc. - Common Stock"
NPT,Texxon Holding Limited - Ordinary shares
NRC,NRC Health - Common Stock
NRDS,"NerdWallet, Inc. - Class A Common Stock"
NRIM,Northrim BanCorp Inc - Common Stock
NRIX,"Nurix Therapeutics, Inc. - Common stock"
NRXP,"NRX Pharmaceuticals, Inc. - Common Stock"
NSIT,"Insight Enterprises, Inc. - Common Stock"
NSLR,Neostellar Capital Corp. - Closed End Fund
NSLRL,Neostellar Capital Corp. - 6.00% Notes due 2026
NSPR,InspireMD Inc. - Common Stock
NSSC,"NAPCO Security Technologies, Inc. - Common Stock"
NSTS,"NSTS Bancorp, Inc. - Common Stock"
NSYS,Nortech Systems Incorporated - Common Stock
